"","name","city","country","timezone","members","fullurl","created","past_events","upcoming_events"
"1","R-Ladies Barcelona","Barcelona","Spain","Europe/Madrid",392,"https://www.meetup.com/rladies-barcelona/",2012-10-01,12,0
"2","R-Ladies Bilbao","Bilbao","Spain","Europe/Madrid",49,"https://www.meetup.com/rladies-bilbao/",2014-10-06,1,0
"3","R-Ladies Ushuaia","Ushuaia","Argentina","America/Buenos_Aires",24,"https://www.meetup.com/rladies-ushuaia/",2015-04-01,1,0
"4","R-Ladies Melbourne","Melbourne","Australia","Australia/Melbourne",1235,"https://www.meetup.com/rladies-melbourne/",2016-01-31,44,1
"5","R-Ladies Bariloche","San Carlos de Bariloche","Argentina","America/Cordoba",115,"https://www.meetup.com/rladies-bariloche/",2016-08-15,5,0
"6","R-Ladies Novi Sad","Novi Sad","Serbia","Europe/Belgrade",48,"https://www.meetup.com/rladies-novi-sad/",2016-08-23,1,0
"7","R-Ladies Porto Alegre","Porto Alegre","Brazil","America/Sao_Paulo",261,"https://www.meetup.com/rladies-porto-alegre/",2016-09-02,5,0
"8","R-Ladies Canberra","Canberra","Australia","Australia/Canberra",112,"https://www.meetup.com/rladies-canberra/",2016-09-02,5,0
"9","R-Ladies Highland Park","Highland Park","USA","US/Eastern",36,"https://www.meetup.com/rladies-highland-park/",2016-09-02,1,1
"10","R-Ladies Exeter","Exeter","United Kingdom","Europe/London",9,"https://www.meetup.com/rladies-exeter/",2016-09-06,0,0
"11","R-Ladies Tiruchirappalli","Tiruchchirappalli","India","Asia/Calcutta",151,"https://www.meetup.com/rladies-tiruchirappalli/",2016-09-16,1,0
"12","R-Ladies Waterloo","Waterloo","Canada","Canada/Eastern",47,"https://www.meetup.com/rladies-waterloo/",2016-09-19,0,0
"13","R-Ladies Quito","Quito","Ecuador","America/Guayaquil",691,"https://www.meetup.com/rladies-quito/",2016-09-28,8,0
"14","R-Ladies Seattle","Seattle","USA","US/Pacific",540,"https://www.meetup.com/rladies-seattle/",2016-10-04,21,1
"15","R-Ladies Valencia","Valencia","Spain","Europe/Madrid",34,"https://www.meetup.com/rladies-valencia/",2016-10-09,0,0
"16","R-Ladies Guayaquil","Guayaquil","Ecuador","America/Guayaquil",304,"https://www.meetup.com/rladies-guayaquil/",2016-10-22,3,0
"17","R-Ladies Johannesburg","Johannesburg","South Africa","Africa/Johannesburg",367,"https://www.meetup.com/rladies-johannesburg/",2016-10-23,11,1
"18","R-Ladies Newcastle","Newcastle Upon Tyne","United Kingdom","Europe/London",135,"https://www.meetup.com/rladies-newcastle/",2016-10-26,3,1
"19","R-Ladies Kyiv","Kyiv","Ukraine","Europe/Kiev",68,"https://www.meetup.com/rladies-kyiv/",2016-10-31,1,1
"20","R-Ladies Frankfurt","Frankfurt","Germany","Europe/Berlin",65,"https://www.meetup.com/rladies-frankfurt/",2016-11-09,4,0
"21","R-Ladies Pasadena","Pasadena","USA","US/Pacific",65,"https://www.meetup.com/rladies-pasadena/",2016-11-12,3,1
"22","R-Ladies Madrid","Madrid","Spain","Europe/Madrid",1230,"https://www.meetup.com/rladies-madrid/",2016-11-25,30,0
"23","R-Ladies Lausanne","Lausanne","Switzerland","Europe/Zurich",274,"https://www.meetup.com/rladies-lausanne/",2016-11-29,11,0
"24","R-Ladies Freiburg","Freiburg","Germany","Europe/Berlin",43,"https://www.meetup.com/rladies-freiburg/",2016-11-29,6,0
"25","R-Ladies Vienna","Vienna","Austria","Europe/Vienna",190,"https://www.meetup.com/rladies-vienna/",2016-12-07,9,0
"26","R-Ladies Lyon","Lyon","France","Europe/Paris",57,"https://www.meetup.com/rladies-lyon/",2017-01-03,2,0
"27","R-Ladies Nijmegen","Nijmegen","Netherlands","Europe/Amsterdam",203,"https://www.meetup.com/rladies-nijmegen/",2017-01-17,5,0
"28","R-Ladies Stockholm","Stockholm","Sweden","Europe/Stockholm",267,"https://www.meetup.com/rladies-stockholm/",2017-01-24,5,0
"29","R-Ladies Houston","Houston","USA","US/Central",59,"https://www.meetup.com/rladies-houston/",2017-01-31,0,0
"30","R-Ladies Beijing","Beijing","China","Asia/Shanghai",29,"https://www.meetup.com/rladies-beijing/",2017-02-02,0,0
"31","R-Ladies Victoria","Victoria","Canada","Canada/Pacific",35,"https://www.meetup.com/rladies-victoria/",2017-02-27,0,0
"32","R-Ladies Perth","Perth","Australia","Australia/Perth",141,"https://www.meetup.com/rladies-perth/",2017-03-06,4,0
"33","R-Ladies London","London","United Kingdom","Europe/London",1352,"https://www.meetup.com/rladies-london/",2017-03-21,47,2
"34","R-Ladies Berlin","Berlin","Germany","Europe/Berlin",513,"https://www.meetup.com/rladies-berlin/",2017-04-06,24,0
"35","R-Ladies Rotterdam","Rotterdam","Netherlands","Europe/Amsterdam",305,"https://www.meetup.com/rladies-rotterdam/",2017-05-28,9,1
"36","R-Ladies Copenhagen","Copenhagen","Denmark","Europe/Copenhagen",368,"https://www.meetup.com/rladies-copenhagen/",2017-06-02,8,0
"37","R-Ladies Rabat","Rabat","Morocco","Africa/Casablanca",543,"https://www.meetup.com/rladies-rabat/",2017-06-03,3,0
"38","R-Ladies Belgrade","Belgrade","Serbia","Europe/Belgrade",315,"https://www.meetup.com/rladies-belgrade/",2017-06-05,15,0
"39","R-Ladies Bucharest","Bucharest","Romania","Europe/Bucharest",13,"https://www.meetup.com/rladies-bucharest/",2017-06-16,0,0
"40","R-Ladies Linz","Linz","Austria","Europe/Vienna",8,"https://www.meetup.com/rladies-linz/",2017-06-24,0,0
"41","R-Ladies Utrecht","Utrecht","Netherlands","Europe/Amsterdam",46,"https://www.meetup.com/rladies-utrecht/",2017-06-29,0,0
"42","R-Ladies Salvador","Salvador","Brazil","America/Bahia",140,"https://www.meetup.com/rladies-salvador/",2017-07-04,4,0
"43","R-Ladies Edinburgh","Edinburgh","United Kingdom","Europe/London",197,"https://www.meetup.com/rladies-edinburgh/",2017-07-05,4,0
"44","R-Ladies Niterói","Niterói","Brazil","America/Sao_Paulo",366,"https://www.meetup.com/rladies-niteroi/",2017-07-18,4,0
"45","R-Ladies Lima","Lima","Peru","America/Lima",811,"https://www.meetup.com/rladies-lima/",2017-07-18,6,0
"46","R-Ladies East Lansing","East Lansing","USA","US/Eastern",287,"https://www.meetup.com/rladies-eastlansing/",2017-07-20,12,0
"47","R-Ladies Cincinnati","Cincinnati","USA","US/Eastern",69,"https://www.meetup.com/rladies-cincinnati/",2017-07-27,1,0
"48","R-Ladies Tallahassee","Tallahassee","USA","US/Eastern",55,"https://www.meetup.com/rladies-tallahassee/",2017-08-15,0,0
"49","R-Ladies Louisville","Louisville","USA","US/Eastern",35,"https://www.meetup.com/rladies-louisville/",2017-08-28,4,0
"50","R-Ladies Montgomery","Montgomery","USA","US/Central",11,"https://www.meetup.com/rladies-montgomery/",2017-09-14,0,0
"51","R-Ladies Iowa City","Iowa City","USA","US/Central",69,"https://www.meetup.com/rladies-iowa-city/",2017-09-15,3,0
"52","R-Ladies Xalapa","Xalapa","Mexico","America/Mexico_City",151,"https://www.meetup.com/rladies-xalapa/",2017-09-15,8,0
"53","R-Ladies Denver","Denver","USA","US/Mountain",31,"https://www.meetup.com/rladies-denver/",2017-09-21,0,0
"54","R-Ladies Jakarta","Jakarta","Indonesia","Asia/Jakarta",30,"https://www.meetup.com/rladies-jakarta/",2017-09-22,0,0
"55","R-Ladies Hong Kong","Hong Kong","Hong Kong","Asia/Shanghai",30,"https://www.meetup.com/rladies-hong-kong/",2017-09-25,0,0
"56","R-Ladies Auckland","Auckland","New Zealand","Pacific/Auckland",464,"https://www.meetup.com/rladies-auckland/",2017-09-27,15,0
"57","R-Ladies Toronto","Toronto","Canada","Canada/Eastern",349,"https://www.meetup.com/rladies-toronto/",2017-10-06,3,1
"58","R-Ladies Brisbane","Brisbane","Australia","Australia/Brisbane",151,"https://www.meetup.com/rladies-brisbane/",2017-10-09,4,0
"59","R-Ladies Montpellier","Montpellier","France","Europe/Paris",109,"https://www.meetup.com/rladies-montpellier/",2017-10-11,6,0
"60","R-Ladies Baltimore","Baltimore","USA","US/Eastern",302,"https://www.meetup.com/rladies-baltimore/",2017-10-13,7,0
"61","R-Ladies Lancaster","Lancaster","United Kingdom","Europe/London",69,"https://www.meetup.com/rladies-lancaster/",2017-10-15,3,0
"62","R-Ladies Christchurch","Christchurch","New Zealand","Pacific/Auckland",23,"https://www.meetup.com/rladies-christchurch/",2017-10-29,0,1
"63","R-Ladies Natal","Natal","Brazil","America/Fortaleza",137,"https://www.meetup.com/rladies-natal/",2017-10-30,3,0
"64","R-Ladies Wageningen","Wageningen","Netherlands","Europe/Amsterdam",53,"https://www.meetup.com/rladies-wageningen/",2017-10-30,2,0
"65","R-Ladies Oslo","Oslo","Norway","Europe/Oslo",293,"https://www.meetup.com/rladies-oslo/",2017-10-30,5,0
"66","R-Ladies Lavras","Lavras","Brazil","America/Sao_Paulo",17,"https://www.meetup.com/rladies-lavras/",2017-11-08,1,0
"67","R-Ladies Goiânia","Goiania","Brazil","America/Sao_Paulo",30,"https://www.meetup.com/rladies-goiania/",2017-11-10,0,0
"68","R-Ladies Kathmandu","Kathmandu","Nepal","Asia/Katmandu",53,"https://www.meetup.com/rladies-kathmandu/",2017-11-14,2,0
"69","R-Ladies Des Moines","Des Moines","USA","US/Central",23,"https://www.meetup.com/rladies-des-moines/",2017-11-20,4,0
"70","R-Ladies Boulder","Boulder","USA","US/Mountain",35,"https://www.meetup.com/rladies-boulder/",2017-11-20,0,0
"71","R-Ladies Santa Barbara","Santa Barbara","USA","US/Pacific",278,"https://www.meetup.com/rladies-santa-barbara/",2017-12-02,7,0
"72","R-Ladies Amsterdam","Amsterdam","Netherlands","Europe/Amsterdam",566,"https://www.meetup.com/rladies-amsterdam/",2017-12-05,11,1
"73","R-Ladies Sydney","Sydney","Australia","Australia/Sydney",567,"https://www.meetup.com/rladies-sydney/",2017-12-09,18,3
"74","R-Ladies Helsinki","Helsinki","Finland","Europe/Helsinki",208,"https://www.meetup.com/rladies-helsinki/",2017-12-14,7,0
"75","R-Ladies Gainesville","Gainesville","USA","US/Eastern",175,"https://www.meetup.com/rladies-gainesville/",2018-01-25,10,1
"76","R-Ladies Cotonou","Cotonou","Benin","Africa/Porto-Novo",91,"https://www.meetup.com/rladies-cotonou/",2018-01-26,0,1
"77","R-Ladies Addis Ababa","Addis Abeba","Ethiopia","Africa/Addis_Ababa",368,"https://www.meetup.com/rladies-addis-ababa/",2018-02-10,14,0
"78","R-Ladies Munich","München","Germany","Europe/Berlin",255,"https://www.meetup.com/rladies-munich/",2018-02-10,7,0
"79","R-Ladies Ankara","Ankara","Turkey","Europe/Istanbul",19,"https://www.meetup.com/rladies-ankara/",2018-02-10,0,0
"80","R-Ladies Columbus","Columbus","USA","US/Eastern",649,"https://www.meetup.com/rladies-columbus/",2018-02-23,26,0
"81","R-Ladies Tampa","Tampa","USA","US/Eastern",183,"https://www.meetup.com/rladies-tampa/",2018-02-26,14,0
"82","R-Ladies Atlanta","Atlanta","USA","US/Eastern",213,"https://www.meetup.com/rladies-atlanta/",2018-02-26,4,0
"83","R-Ladies Memphis","Memphis","USA","US/Central",35,"https://www.meetup.com/rladies-memphis/",2018-02-26,0,0
"84","R-Ladies Springfield","Springfield","USA","US/Central",52,"https://www.meetup.com/rladies-springfield/",2018-02-26,0,0
"85","R-Ladies El Paso","El Paso","USA","US/Mountain",9,"https://www.meetup.com/rladies-el-paso/",2018-03-01,0,0
"86","R-Ladies Remote","San Francisco","USA","US/Pacific",227,"https://www.meetup.com/rladies-remote/",2018-03-03,8,0
"87","R-Ladies Chicago","Chicago","USA","US/Central",888,"https://www.meetup.com/rladies-chicago/",2018-03-04,25,1
"88","R-Ladies Mendoza","Mendoza","Argentina","America/Mendoza",175,"https://www.meetup.com/rladies-mendoza/",2018-03-11,8,0
"89","R-Ladies Leuven","Leuven","Belgium","Europe/Brussels",93,"https://www.meetup.com/rladies-leuven/",2018-03-12,4,0
"90","R-Ladies Liverpool","Liverpool","United Kingdom","Europe/London",59,"https://www.meetup.com/rladies-liverpool/",2018-03-12,1,0
"91","R-Ladies Dallas","Dallas","USA","US/Central",239,"https://www.meetup.com/rladies-dallas/",2018-03-13,12,0
"92","R-Ladies Los Angeles","Los Angeles","USA","US/Pacific",367,"https://www.meetup.com/rladies-la/",2018-03-18,16,0
"93","R-Ladies Philly","Philadelphia","USA","US/Eastern",632,"https://www.meetup.com/rladies-philly/",2018-03-21,23,2
"94","R-Ladies Loughborough","Loughborough","United Kingdom","Europe/London",62,"https://www.meetup.com/rladies-loughborough/",2018-03-29,6,0
"95","R-Ladies Resistencia-Corrientes","Corrientes","Argentina","America/Cordoba",85,"https://www.meetup.com/rladies-resistencia-corrientes/",2018-04-05,5,0
"96","R-Ladies La Plata","La Plata","Argentina","America/Buenos_Aires",106,"https://www.meetup.com/rladies-la-plata/",2018-04-11,2,0
"97","R-Ladies Córdoba","Córdoba","Argentina","America/Cordoba",102,"https://www.meetup.com/rladies-cordoba/",2018-04-11,2,0
"98","R-Ladies Boston","Boston","USA","US/Eastern",674,"https://www.meetup.com/rladies-boston/",2018-04-17,31,2
"99","R-Ladies Manchester","Manchester","United Kingdom","Europe/London",346,"https://www.meetup.com/rladies-manchester/",2018-04-20,14,1
"100","R-Ladies Vancouver","Vancouver","Canada","Canada/Pacific",305,"https://www.meetup.com/rladies-vancouver/",2018-04-25,13,1
"101","R-Ladies Cambridge","Cambridge","United Kingdom","Europe/London",140,"https://www.meetup.com/rladies-cambridge/",2018-05-05,0,0
"102","R-Ladies Montevideo","Montevideo","Uruguay","America/Montevideo",200,"https://www.meetup.com/rladies-montevideo/",2018-05-08,9,0
"103","R-Ladies Santa Rosa","Santa Rosa","Argentina","America/Cordoba",39,"https://www.meetup.com/rladies-santa-rosa/",2018-05-09,9,0
"104","R-Ladies London, Ontario","London","Canada","Canada/Eastern",396,"https://www.meetup.com/rladies-ldnont/",2018-05-09,22,0
"105","R-Ladies Ames","Ames","USA","US/Central",191,"https://www.meetup.com/rladies-ames/",2018-05-10,59,0
"106","R-Ladies Paris","Paris","France","Europe/Paris",520,"https://www.meetup.com/rladies-paris/",2018-05-10,15,0
"107","R-Ladies Tbilisi","Tbilisi","Georgia","Asia/Tbilisi",133,"https://www.meetup.com/rladies-tbilisi/",2018-05-17,46,0
"108","R-Ladies San Jose","San Jose","Costa Rica","America/Costa_Rica",392,"https://www.meetup.com/rladies-san-jose/",2018-05-18,15,0
"109","R-Ladies Montreal","Montréal","Canada","Canada/Eastern",396,"https://www.meetup.com/rladies-montreal/",2018-05-24,12,3
"110","R-Ladies Irvine","Irvine","USA","US/Pacific",293,"https://www.meetup.com/rladies-irvine/",2018-05-29,10,1
"111","R-Ladies Santa Fe","Santa Fe","Argentina","America/Cordoba",158,"https://www.meetup.com/rladies-santa-fe/",2018-05-30,9,0
"112","R-Ladies Sarasota","Sarasota","USA","US/Eastern",37,"https://www.meetup.com/rladies-sarasota/",2018-06-04,4,0
"113","R-Ladies Nashville","Nashville","USA","US/Central",446,"https://www.meetup.com/rladies-nashville/",2018-06-08,16,0
"114","R-Ladies Buenos Aires","Buenos Aires","Argentina","America/Buenos_Aires",711,"https://www.meetup.com/rladies-buenos-aires/",2018-06-08,15,0
"115","R-Ladies La Paz","La Paz","Bolivia","America/La_Paz",80,"https://www.meetup.com/rladies-la-paz/",2018-06-11,2,0
"116","R-Ladies Dublin","Dublin","Ireland","Europe/Dublin",688,"https://www.meetup.com/rladies-dublin/",2018-06-18,20,0
"117","R-Ladies Santiago","Santiago","Chile","America/Santiago",1328,"https://www.meetup.com/rladies-scl/",2018-06-19,21,0
"118","R-Ladies Rio de Janeiro","Rio de Janeiro","Brazil","America/Sao_Paulo",407,"https://www.meetup.com/rladies-rio/",2018-07-04,4,0
"119","R-Ladies São Paulo","São Paulo","Brazil","America/Sao_Paulo",438,"https://www.meetup.com/rladies-sao-paulo/",2018-07-20,10,0
"120","R-Ladies Chennai","Chennai","India","Asia/Calcutta",312,"https://www.meetup.com/rladies-chennai/",2018-07-23,5,0
"121","R-Ladies Charlottesville","Charlottesville","USA","US/Eastern",144,"https://www.meetup.com/rladies-charlottesville/",2018-07-27,13,0
"122","R-Ladies Miami","Miami","USA","US/Eastern",324,"https://www.meetup.com/rladies-miami/",2018-07-30,11,1
"123","R-Ladies San Diego","San Diego","USA","US/Pacific",402,"https://www.meetup.com/rladies-san-diego/",2018-08-03,23,2
"124","R-Ladies Cape Town","Cape Town","South Africa","Africa/Johannesburg",503,"https://www.meetup.com/rladies-cape-town/",2018-08-16,18,0
"125","R-Ladies Brussels","Brussels","Belgium","Europe/Brussels",218,"https://www.meetup.com/rladies-brussels/",2018-09-07,10,0
"126","R-Ladies Strasbourg","Strasbourg","France","Europe/Paris",46,"https://www.meetup.com/rladies-strasbourg/",2018-09-10,8,0
"127","R-Ladies Orlando","Orlando","USA","US/Eastern",312,"https://www.meetup.com/rladies-orlando/",2018-09-12,17,0
"128","R-Ladies San Francisco","San Francisco","USA","US/Pacific",1412,"https://www.meetup.com/rladies-san-francisco/",2018-09-17,52,2
"129","R-Ladies RTP","Durham","USA","US/Eastern",600,"https://www.meetup.com/rladies-rtp/",2018-09-18,37,1
"130","R-Ladies Curitiba","Curitiba","Brazil","America/Sao_Paulo",169,"https://www.meetup.com/rladies-curitiba/",2018-09-18,1,0
"131","R-Ladies Montenegro","HN","Montenegro","Europe/Podgorica",84,"https://www.meetup.com/rladies-montenegro/",2018-09-23,1,0
"132","R-Ladies Portland, Maine","Portland","USA","US/Eastern",22,"https://www.meetup.com/rladies-portland-maine/",2018-10-01,0,0
"133","R-Ladies Tucson AZ","Tucson","USA","US/Arizona",189,"https://www.meetup.com/rladies-tucson-az/",2018-10-17,7,0
"134","R-Ladies Washington D.C.","Washington","USA","US/Eastern",1397,"https://www.meetup.com/rladies-dc/",2018-10-23,37,1
"135","R-Ladies Valparaíso","Valparaíso","Chile","America/Santiago",89,"https://www.meetup.com/rladies-valparaiso/",2018-10-23,1,0
"136","R-Ladies Belo Horizonte","Belo Horizonte","Brazil","America/Sao_Paulo",593,"https://www.meetup.com/rladiesbh/",2018-10-29,6,0
"137","R-Ladies Bari","Bari","Italy","Europe/Rome",35,"https://www.meetup.com/rladies-bari/",2018-12-05,6,1
"138","R-Ladies Milan","Milano","Italy","Europe/Rome",712,"https://www.meetup.com/rladies-milan/",2018-12-07,16,0
"139","R-Ladies New York","New York","USA","US/Eastern",1391,"https://www.meetup.com/rladies-newyork/",2018-12-10,33,0
"140","R-Ladies Ottawa","Ottawa","Canada","Canada/Eastern",105,"https://www.meetup.com/rladies-ottawa/",2019-01-23,2,0
"141","R-Ladies Buffalo","Buffalo","USA","US/Eastern",23,"https://www.meetup.com/rladies-buffalo/",2019-02-15,1,1
"142","R-Ladies CDMX","México City","Mexico","America/Mexico_City",1134,"https://www.meetup.com/rladies-cdmx/",2019-02-27,7,0
"143","R-Ladies Lisboa","Lisbon","Portugal","Europe/Lisbon",502,"https://www.meetup.com/rladies-lisboa/",2019-02-27,9,0
"144","R-Ladies Taipei","Taipei","Taiwan","Asia/Taipei",1497,"https://www.meetup.com/rladies-taipei/",2019-02-27,40,1
"145","R-Ladies St. Louis","Saint Louis","USA","US/Central",334,"https://www.meetup.com/rladies-st-louis/",2019-02-27,9,0
"146","R-Ladies Americana","Americana","Brazil","America/Sao_Paulo",35,"https://www.meetup.com/rladies-americana/",2019-03-23,0,0
"147","R-Ladies PDX","Portland","USA","US/Pacific",217,"https://www.meetup.com/rladies-pdx/",2019-03-23,13,0
"148","Spotkania Entuzjastów R-Warsaw RUG Meetup & R-Ladies Warsaw","Warsaw","Poland","Europe/Warsaw",2081,"https://www.meetup.com/Spotkania-Entuzjastow-R-Warsaw-R-Users-Group-Meetup/",2019-03-30,44,0
"149","R-Ladies Twin Cities","Minneapolis","USA","US/Central",292,"https://www.meetup.com/rladies-tc/",2019-04-07,31,1
"150","R-Ladies Istanbul","Istanbul","Turkey","Europe/Istanbul",1548,"https://www.meetup.com/rladies-istanbul/",2019-04-07,24,0
"151","R-Ladies Hartford","Hartford","USA","US/Eastern",72,"https://www.meetup.com/rladies-hartford/",2019-04-16,1,0
"152","R-Ladies Madison","Madison","USA","US/Central",43,"https://www.meetup.com/R-Ladies-Madison/",2019-04-16,1,1
"153","R-Ladies Budapest","Budapest","Hungary","Europe/Budapest",777,"https://www.meetup.com/rladies-budapest/",2019-04-19,27,1
"154","R-Ladies Austin","Austin","USA","US/Central",573,"https://www.meetup.com/rladies-austin/",2019-04-30,40,0
"155","R-Ladies Floripa","Florianópolis","Brazil","America/Sao_Paulo",153,"https://www.meetup.com/rladies-florianopolis/",2019-05-04,2,0
"156","R-Ladies Den Bosch","Den Bosch","Netherlands","Europe/Amsterdam",14,"https://www.meetup.com/rladies-den-bosch/",2019-05-06,0,0
"157","R-Ladies Bogor","Bogor","Indonesia","Asia/Jakarta",171,"https://www.meetup.com/rladies-bogor/",2019-05-09,3,0
"158","R-Ladies Queretaro","Querétaro","Mexico","America/Mexico_City",84,"https://www.meetup.com/rladies-queretaro/",2019-05-09,1,1
"159","R-Ladies Nelson","Nelson","New Zealand","Pacific/Auckland",9,"https://www.meetup.com/rladies-nelson/",2019-05-24,0,0
"160","R-Ladies Concepción","Concepción","Chile","America/Santiago",132,"https://www.meetup.com/rladies-concepcion/",2019-06-10,3,1
"161","R-Ladies Adelaide","Adelaide","Australia","Australia/Adelaide",193,"https://www.meetup.com/rladies-adelaide/",2019-07-01,5,0
"162","R-Ladies İzmiR","Izmir","Turkey","Europe/Istanbul",746,"https://www.meetup.com/rladies-izmir/",2019-07-02,1,0
"163","R-Ladies Bogotá","Bogotá","Colombia","America/Bogota",262,"https://www.meetup.com/rladies-bogota/",2019-07-06,6,0
