"","name","city","country","region","members","fullurl","created","past_events","upcoming_events","visibility"
"1","Customer Data Science LA","Santa Monica","USA","US/Canada",219,"https://www.meetup.com/Customer-Data-Science-LA/",2019-06-20,1,2,"public_limited"
"2","Ulmer Data Science Stammtisch","Ulm","Germany","Europe",326,"https://www.meetup.com/Ulmer-Data-Science-Stammtisch/",2017-12-06,7,0,"public"
"3","Michiana Data Science Meetup","Mishawaka","USA","US/Canada",114,"https://www.meetup.com/Michiana-Data-Science-R-Meetup/",2018-06-23,27,1,"public"
"4","Hermosa Beach R And Python Data Science Group","Hermosa Beach","USA","US/Canada",56,"https://www.meetup.com/Hermosa-Beach-R-And-Python-Data-Science-Group/",2018-09-13,1,0,"public"
"5","Qatar Data Science, AI,Machine learning & Analytics Meetup","Doha","Qatar","Asia",93,"https://www.meetup.com/Qatar-Data-Science-AI-Machine-learning-Analytics-Meetup/",2019-06-17,2,2,"public"
"6","Sacramento Data Science R&Python Meetup","Sacramento","USA","US/Canada",50,"https://www.meetup.com/Sacramento-Data-Science-R-Python-Meetup/",2018-07-07,1,0,"public"
"7","Clarksville Data Science and R Users Meetup Group","Clarksville","USA","US/Canada",16,"https://www.meetup.com/Clarksville-Data-Science-and-R-Users-Meetup-Group/",2019-06-13,1,1,"public"
"8","Statinfer Data Science Meetup","Bangalore","India","Asia",593,"https://www.meetup.com/Statinfer-DataScience-Meetup/",2017-03-15,1,0,"public"
"9","Western Mass Statistics and Data Science","Northampton","USA","US/Canada",499,"https://www.meetup.com/Pioneer-Valley-and-Five-College-R-Statistical-Meetup/",2013-01-02,200,0,"public"
"10","Scotland Data Science & Technology Meetup","Edinburgh","United Kingdom","Europe",3644,"https://www.meetup.com/Scotland-Data-Science-Technology-Meetup/",2015-04-07,78,6,"public"
"11","FREE ! Learn R for Big Data / Data Science","London","United Kingdom","Europe",468,"https://www.meetup.com/Learn-R-for-Big-Data/",2018-08-31,11,8,"public"
"12","Bangalore Data Science and Analytics Using R Meetup","Bangalore","India","Asia",200,"https://www.meetup.com/Bangalore-Data-Science-and-Analytics-Using-R-Meetup/",2018-11-09,0,0,"public"
"13","Digital Marketing + Data Science -Ateliers Q/R Gratuits Lyon","Lyon","France","Europe",311,"https://www.meetup.com/Digital-Marketing-Data-Science-Ateliers-Q-R-Gratuits/",2018-06-25,12,1,"public"
"14","BerlinR - an R group focused on modern data science","Berlin","Germany","Europe",345,"https://www.meetup.com/BerlinR-R-users-group/",2018-10-23,5,0,"public"
"15","Greater Cleveland Python/Julia/R Data Science Group","Cleveland","USA","US/Canada",566,"https://www.meetup.com/Greater-Cleveland-SciPy-Julia-R-Data-Science-Group/",2016-03-12,33,0,"public_limited"
"16","Predictive Analytics and Data Science using Spark, R, Python","Los Angeles","USA","US/Canada",597,"https://www.meetup.com/Predictive-Analytics-and-Data-Science-using-Spark-R-Python/",2016-06-23,18,1,"public"
"17","Analytics, Data Science  & ML- R, Python,Tableau & Power BI","Bangalore","India","Asia",3580,"https://www.meetup.com/Analytics-Data-Science-R-Tableau-Power-BI/",2017-10-29,35,0,"public"
"18","R User Group Eindhoven","Eindhoven","Netherlands","Europe",45,"https://www.meetup.com/R-User-Group-Eindhoven/",2019-02-28,2,0,"public"
"19","Las Vegas R User Group","Las Vegas","USA","US/Canada",22,"https://www.meetup.com/Las-Vegas-R-User-Group/",2018-09-28,0,0,"public"
"20","LA R users group","Santa Monica","USA","US/Canada",1987,"https://www.meetup.com/Los-Angeles-R-Users-Group-Data-Science/",2009-03-21,100,2,"public"
"21","Colchester R Meetup","Colchester","United Kingdom","Europe",167,"https://www.meetup.com/Colchester-R-Meetup/",2018-04-16,9,0,"public"
"22","R Generation","Dublin","Ireland","Europe",717,"https://www.meetup.com/Dublin-R-Generation/",2018-08-05,7,0,"public"
"23","MünsteR (R Users Group)","Münster","Germany","Europe",493,"https://www.meetup.com/Munster-R-Users-Group/",2017-05-16,11,0,"public_limited"
"24","Phoenix R User Group","Phoenix","USA","US/Canada",888,"https://www.meetup.com/Phoenix-R-User-Group/",2016-04-16,18,0,"public"
"25","The Chicago R User Group (CRUG)","Chicago","USA","US/Canada",3703,"https://www.meetup.com/Chicago-R-User-Group/",2010-04-05,73,0,"public"
"26","Orange County R Users Group (OCRUG)","Irvine","USA","US/Canada",500,"https://www.meetup.com/OC-RUG/",2014-12-17,34,1,"public"
"27","Chico R Users Group","Chico","USA","US/Canada",50,"https://www.meetup.com/Chico-R-Users-Group/",2015-12-07,76,1,"public"
"28","Oxford R User Group","Oxford","United Kingdom","Europe",517,"https://www.meetup.com/Oxford-R-User-Group/",2017-08-17,18,0,"public"
"29","Poznan R Users Group (PAZUR)","Poznan","Poland","Europe",576,"https://www.meetup.com/Poznan-R-User-Group-PAZUR/",2015-11-27,21,0,"public"
"30","Vancouver Data Visualization","Vancouver","Canada","US/Canada",4001,"https://www.meetup.com/Vancouver-Data-Visualization/",2011-03-14,39,0,"public"
"31","Cebu R Users Group (CRUG)","Cebu","Philippines","Asia",59,"https://www.meetup.com/Cebu-R-Users-Group-CRUG/",2014-09-17,2,0,"public_limited"
"32","Bengaluru R UseR Group (BRUG)","Bangalore","India","Asia",1304,"https://www.meetup.com/BengaluRu-use-R-gRoup/",2018-08-28,8,1,"public"
"33","Lansing Area R Users Group","East Lansing","USA","US/Canada",218,"https://www.meetup.com/Lansing-Area-R-Users-Group/",2012-01-24,30,0,"public"
"34","Hannover Data Science","Hannover","Germany","Europe",526,"https://www.meetup.com/Hannover-R-User-Group/",2016-10-19,17,0,"public"
"35","Rhus - useR group","Århus","Denmark","Europe",202,"https://www.meetup.com/Rhus-useR-group/",2015-01-19,2,0,"public"
"36","Bauru R Big Data Analytics Meetup","Bauru","Brazil","Latin America",50,"https://www.meetup.com/Bauru-R-Big-Data-Analytics-Meetup/",2016-05-22,0,0,"public"
"37","Bhavnagar Data Analysis Meetup","Bhavnagar","India","Asia",27,"https://www.meetup.com/Bhavnagar-Data-Analysis-Meetup/",2014-06-15,0,0,"public"
"38","Delhi R Data Analytics Meetup","Delhi","India","Asia",319,"https://www.meetup.com/Delhi-R-Data-Analytics-Meetup/",2014-08-15,0,1,"public"
"39","Milwaukee R Meetup","Milwaukee","USA","US/Canada",284,"https://www.meetup.com/Milwaukee-R-Meetup/",2015-06-05,8,0,"public"
"40","Data Analytics GDL User Group","Guadalajara","Mexico","Latin America",283,"https://www.meetup.com/Data-Analytics-GDL-User-Group/",2017-04-13,2,0,"public"
"41","San Diego Data Science & R Users Group","Del Mar","USA","US/Canada",917,"https://www.meetup.com/San-Diego-Data-Science-R-Users-Group/",2009-10-14,32,0,"public"
"42","In-house Data Platform developers & users meetup","Tokyo","Japan","Asia",16,"https://www.meetup.com/In-house-BigData-platform-developer-user-meetup/",2019-03-28,0,0,"public"
"43","PhillyR","Philadelphia","USA","US/Canada",791,"https://www.meetup.com/PhillyR/",2016-04-19,15,1,"public"
"44","R Data Scientists","Bangalore","India","Asia",791,"https://www.meetup.com/R-Data-Scientists/",2012-01-07,11,0,"public"
"45","Schaumburg R Consultants Meetup","Schaumburg","USA","US/Canada",22,"https://www.meetup.com/Schaumburg-R-Consultants/",2019-02-06,1,0,"public"
"46","Microsoft Advanced Analytics User Group","Mechelen","Belgium","Europe",748,"https://www.meetup.com/Microsoft-Advanced-Analytics-User-Group/",2017-11-17,13,0,"public"
"47","Akure R user group","Akure","Nigeria","Africa",286,"https://www.meetup.com/Akure-R-user-group/",2018-03-03,14,0,"public"
"48","Central Iowa R User Group","Des Moines","USA","US/Canada",620,"https://www.meetup.com/Central-Iowa-R-User-Group/",2015-06-15,178,1,"public"
"49","CaRdiff - the Cardiff R User Group","Cardiff","United Kingdom","Europe",628,"https://www.meetup.com/Cardiff-R-User-Group/",2014-12-19,122,1,"public"
"50","Big Data & Predictive Analytics using R - Rio de Janeiro","Rio de Janeiro","Brazil","Latin America",769,"https://www.meetup.com/Big-Data-Predictive-Analytics-using-R-Rio-de-Janeiro/",2014-10-10,18,0,"public"
"51","Snowflake User Group","Hollywood","USA","US/Canada",31,"https://www.meetup.com/Snowflake-User-Group/",2019-02-07,1,0,"public"
"52","Tampa R Users Group","Tampa","USA","US/Canada",434,"https://www.meetup.com/Tampa-R-Users-Group/",2017-07-28,21,0,"public"
"53","Budapest Users of R Network","Budapest","Hungary","Europe",1596,"https://www.meetup.com/Budapest-Users-of-R-Network/",2013-08-11,52,1,"public"
"54","Cork (Ireland) R-Users Group","Cork","Ireland","Europe",620,"https://www.meetup.com/Cork-Ireland-R-Users-Group/",2015-07-01,46,0,"public"
"55","Bauchi R User Group (BauchiRUG)","Bauchi","Nigeria","Africa",89,"https://www.meetup.com/Bauchi-R-User-Group-BauchiRUG/",2018-07-04,3,0,"public"
"56","Kampala R Users Group","Kampala","Uganda","Africa",708,"https://www.meetup.com/Kampala-R-Users-Group/",2015-04-28,2,0,"public"
"57","Nairobi R Users Group","Nairobi","Kenya","Africa",50,"https://www.meetup.com/Nairobi-R-Users-Group/",2017-03-30,0,0,"public"
"58","Cairo R Users Group","Cairo","Egypt","Africa",1967,"https://www.meetup.com/Cairo-R-Users-Group/",2015-04-30,4,0,"public"
"59","Dar Es Salaam R Users Group","Dar es Salaam","Tanzania","Africa",748,"https://www.meetup.com/DarEs-Salaam-R-users/",2015-04-30,1,0,"public"
"60","Meetup R Nantes","Nantes","France","Europe",642,"https://www.meetup.com/Meetup-R-Nantes/",2016-06-27,19,0,"public"
"61","Exeter R Users Group (Exeter, Devon, England)","Exeter","United Kingdom","Europe",236,"https://www.meetup.com/Exeter-R-Users-Group-Exeter-Devon-England/",2014-01-14,15,0,"public"
"62","STWUR - Wroclaw R Users Group Meetup","Wroclaw","Poland","Europe",647,"https://www.meetup.com/Wroclaw-R-Users-Group/",2017-01-17,25,0,"public"
"63","Spotkania Entuzjastów R-Warsaw RUG Meetup & R-Ladies Warsaw","Warsaw","Poland","Europe",2086,"https://www.meetup.com/Spotkania-Entuzjastow-R-Warsaw-R-Users-Group-Meetup/",2014-10-06,44,0,"public"
"64","St. Petersburg R User Group","St. Petersburg","Russia","Europe",933,"https://www.meetup.com/St-Petersburg-R-User-Group/",2015-03-11,14,0,"public"
"65","Bmore UseR Group","Baltimore","USA","US/Canada",133,"https://www.meetup.com/Bmore-UseR-Group/",2016-08-26,1,0,"public"
"66","R User Group Nepal","Kathmandu","Nepal","Asia",103,"https://www.meetup.com/rugnepal/",2018-09-16,2,1,"public"
"67","Columbus useR Group","Columbus","USA","US/Canada",197,"https://www.meetup.com/Columbus-useR-Group/",2014-03-17,3,0,"public"
"68","Detroit useR Group (R Programming Language)","Birmingham","USA","US/Canada",307,"https://www.meetup.com/Detroit-useR-Group-R-Programming-Language/",2013-06-19,6,0,"public"
"69","Western Australia R Group (WARG)","Perth","Australia","Australia",176,"https://www.meetup.com/Western-Australia-R-Group-WARG/",2014-06-27,9,0,"public"
"70","Berlin R Users Group","Berlin","Germany","Europe",1990,"https://www.meetup.com/Berlin-R-Users-Group/",2015-01-04,42,0,"public"
"71","Pittsburgh useR Group","Pittsburgh","USA","US/Canada",558,"https://www.meetup.com/Pittsburgh-useR-Group/",2013-03-26,34,0,"public"
"72","Santa Barbara R Users Group","Santa Barbara","USA","US/Canada",346,"https://www.meetup.com/Santa-Barbara-R-Users-Group/",2013-02-27,19,0,"public"
"73","Johannesburg R User Group (R Programming Language)","Johannesburg","South Africa","Africa",783,"https://www.meetup.com/Joburg-R-Users-Group/",2015-05-03,9,0,"public"
"74","NottinghamR - Nottingham R Users Group","Nottingham","United Kingdom","Europe",375,"https://www.meetup.com/NottinghamR-Nottingham-R-Users-Group/",2016-01-08,7,0,"public_limited"
"75","Cape Fear R Users Group","Wilmington","USA","US/Canada",30,"https://www.meetup.com/Cape-Fear-R-Users-Group/",2017-09-20,7,0,"public"
"76","Toronto MapR User Group","Toronto","Canada","US/Canada",300,"https://www.meetup.com/Toronto-MapR-User-Group/",2016-06-04,1,0,"public"
"77","Greater Toronto Area (GTA) R User Group","Toronto","Canada","US/Canada",1360,"https://www.meetup.com/Greater-Toronto-Area-GTA-R-Users-Group/",2010-10-07,33,0,"public"
"78","Adelaide R Users Group","Adelaide","Australia","Australia",174,"https://www.meetup.com/Adelaide-R-Users/",2016-11-07,3,0,"public"
"79","Greater Boston useR Group (R Programming Language)","Boston","USA","US/Canada",3913,"https://www.meetup.com/Boston-useR/",2011-02-10,55,4,"public"
"80","Boston R/Bioconductor for Genomics","Boston","USA","US/Canada",708,"https://www.meetup.com/Boston-R-Bioconductor-for-genomics/",2016-08-03,16,7,"public"
"81","Abidjan R users Meetup","Abidjan","Ivory Coast","Africa",327,"https://www.meetup.com/Abidjan-R-users-Meetup/",2018-03-27,4,0,"public"
"82","Riyadh UseR Group","Riyadh","Saudi Arabia","Asia",353,"https://www.meetup.com/Riyadh-UseR-Group/",2016-12-06,1,0,"public"
"83","Bogotá R Users Group Meetup (Shiny data apps)","Bogotá","Colombia","Latin America",135,"https://www.meetup.com/Bogota-R-Users-Group-Meetup-Shiny-data-apps/",2014-12-27,1,0,"public"
"84","Cambridge R Users Group Meetup","Cambridge","United Kingdom","Europe",347,"https://www.meetup.com/Cambridge-R-Users-Group-Meetup/",2014-10-28,6,0,"public"
"85","DuPage R Meetup","Lisle","USA","US/Canada",150,"https://www.meetup.com/DuPage-R-Meetup/",2018-09-18,5,0,"public"
"86","Video Analytics, Edge to Data Center by C.R.G & NVIDIA","Petakh Tiqwa","Israel","Asia",116,"https://www.meetup.com/Video-Analytics-Edge-to-Data-Center-by-C-R-G-NVIDIA/",2019-01-01,1,0,"public"
"87","New York R User Group","New York","USA","US/Canada",1027,"https://www.meetup.com/New-York-R-Users-Group/",2013-08-24,43,3,"public"
"88","Intro to R, Data Analytics - Training and Workshop","New York","USA","US/Canada",288,"https://www.meetup.com/Intro-to-R-Basics-Free-Training-and-Workshop/",2017-04-07,2,0,"public"
"89","Indore Hadoop User Group","Indore","India","Asia",418,"https://www.meetup.com/Indore-Hadoop-User-Group/",2014-08-01,0,0,"public"
"90","CopenhagenR - useR Group","Copenhagen","Denmark","Europe",1242,"https://www.meetup.com/CopenhagenR-useR-Group/",2013-09-03,32,0,"public"
"91","Gulf Coast useR Group (R Programming Language)","Biloxi","USA","US/Canada",30,"https://www.meetup.com/Gulf-Coast-useR-Group-R-Programming-Language/",2019-02-27,3,0,"public"
"92","Montreal R User Group","Montréal","Canada","US/Canada",1577,"https://www.meetup.com/Montreal-R-User-Group/",2012-03-13,37,0,"public"
"93","Zurich R User Group","Zürich","Switzerland","Europe",1557,"https://www.meetup.com/Zurich-R-User-Group/",2015-11-18,25,0,"public"
"94","Düsseldorf R User Group","Düsseldorf","Germany","Europe",40,"https://www.meetup.com/Dusseldorf-R-User-Group/",2019-07-24,0,0,"public"
"95","Mastering R at MI^2","Warsaw","Poland","Europe",95,"https://www.meetup.com/Mastering-R-at-MI-2/",2018-11-06,1,0,"public"
"96","Panama R User's Group","Panamá","Panama","Latin America",401,"https://www.meetup.com/Panama-R-Users-Group/",2017-02-13,16,0,"public"
"97","Kansas City R Users Group","Kansas City","USA","US/Canada",909,"https://www.meetup.com/Kansas-City-R-Users-Group/",2013-12-02,69,0,"public"
"98","Bristol R User Group","Bristol","United Kingdom","Europe",300,"https://www.meetup.com/Bristol-R-User-Group/",2018-10-03,3,1,"public"
"99","Ann Arbor R User Group","Ann Arbor","USA","US/Canada",753,"https://www.meetup.com/Ann-Arbor-R-User-Group/",2014-05-26,56,1,"public"
"100","Hong Kong R User Group","Hong Kong","Hong Kong","Asia",162,"https://www.meetup.com/Hong-Kong-R-User-Group/",2018-05-02,4,0,"public"
"101","Trenton R Users (TRU)","Trenton","USA","US/Canada",471,"https://www.meetup.com/TRUgroup/",2015-01-27,52,5,"public"
"102","IndyUseR Group","Indianapolis","USA","US/Canada",512,"https://www.meetup.com/Indy-useR-Group/",2013-06-28,53,4,"public"
"103","Grupo de Usuarios de R de Madrid","Madrid","Spain","Europe",2237,"https://www.meetup.com/Grupo-de-Usuarios-de-R-de-Madrid/",2015-02-20,38,0,"public"
"104","Patra's R Users Group","Pátrai","Greece","Europe",122,"https://www.meetup.com/Patras-R-Users-Group/",2015-05-07,3,0,"public"
"105","ZagReb","Zagreb","Croatia","Europe",256,"https://www.meetup.com/zagreb-r-group/",2017-03-30,5,0,"public"
"106","Applied R Munich","München","Germany","Europe",1149,"https://www.meetup.com/Applied-R-Munich/",2015-10-16,13,0,"public"
"107","Stellenbosch R Users Group Meetup","Stellenbosch","South Africa","Africa",15,"https://www.meetup.com/Stellenbosch-R-Users-Group-Meetup/",2018-12-20,0,0,"public"
"108","Campinas R Users Meetup","Campinas","Brazil","Latin America",320,"https://www.meetup.com/Campinas-R-Users-Meetup/",2014-11-19,10,0,"public"
"109","Heredia R User Group","Heredia","Costa Rica","Latin America",181,"https://www.meetup.com/Heredia-R-User-Group/",2018-04-10,1,0,"public"
"110","Bi[R]mingham R Meetup","Birmingham","USA","US/Canada",246,"https://www.meetup.com/Bi-R-mingham-R-Meetup/",2014-10-01,5,0,"public"
"111","Central Illinois SAS® User Group Meetup","Springfield","USA","US/Canada",81,"https://www.meetup.com/Central-Illinois-SAS-User-Group-Meetup/",2014-11-14,19,2,"public"
"112","Winnipeg R User Group","Winnipeg","Canada","US/Canada",46,"https://www.meetup.com/Winnipeg-R-User-Group/",2018-11-03,0,0,"public"
"113","Omaha R Users Group","Omaha","USA","US/Canada",185,"https://www.meetup.com/Omaha-R-Users-Group/",2018-03-05,4,0,"public"
"114","Austin R User Group","Austin","USA","US/Canada",1636,"https://www.meetup.com/Austin-R-User-Group/",2012-01-16,50,0,"public"
"115","Use R! INMEGEN 2019","México City","Mexico","Latin America",226,"https://www.meetup.com/Use-R-INMEGEN-2019/",2018-10-04,1,0,"public"
"116","Inland Northwest R User Group (INRUG)","Spokane","USA","US/Canada",50,"https://www.meetup.com/Inland-Northwest-R-User-Group-INRUG/",2015-03-29,31,0,"public"
"117","Alteryx User Group Brisbane","Brisbane","Australia","Australia",21,"https://www.meetup.com/Alteryx-User-Group-Brisbane/",2016-04-24,7,0,"public"
"118","Wellington R Users Group (WRUG)","Wellington","New Zealand","Australia",335,"https://www.meetup.com/Wellington-R-Users-Group-WRUG/",2013-09-04,12,0,"public"
"119","Greater Cleveland R Group","Independence","USA","US/Canada",666,"https://www.meetup.com/Cleveland-UseR-Group/",2012-01-16,56,3,"public"
"120","Charlotte R Users Group","Charlotte","USA","US/Canada",722,"https://www.meetup.com/Charlotte-R-Users-Group/",2013-12-17,26,4,"public"
"121","San Carlos R User Group","Quesada","Costa Rica","Latin America",582,"https://www.meetup.com/San-Carlos-R-User-Group/",2016-01-20,34,1,"public"
"122","AalborgRUG","Aalborg","Denmark","Europe",157,"https://www.meetup.com/AalborgRUG/",2017-09-30,6,1,"public"
"123","Portsmouth R User Group Meetup","Portsmouth","United Kingdom","Europe",128,"https://www.meetup.com/Portsmouth-R-User-Group/",2018-06-26,5,0,"public"
"124","Utah County R User Group","Provo","USA","US/Canada",92,"https://www.meetup.com/utah-county-rug/",2019-01-22,4,0,"public"
"125","Intelligence of Things at CoE Gurugram","Gurgaon","India","Asia",50,"https://www.meetup.com/Intelligence-of-Things-CoE_Gurugram/",2018-11-21,6,0,"public"
"126","Meetup de Grupo de Usuarios de R de Málaga","Málaga","Spain","Europe",106,"https://www.meetup.com/Meetup-de-Grupo-de-Usuarios-de-R-de-Malaga/",2019-02-15,5,0,"public"
"127","Sevilla R users","Sevilla","Spain","Europe",527,"https://www.meetup.com/Sevilla-R-users/",2017-03-13,22,0,"public"
"128","RugBcn, Barcelona R users group","Barcelona","Spain","Europe",722,"https://www.meetup.com/RugBcn-Barcelona-R-users-group/",2013-10-01,23,0,"public"
"129","Sisense R&D Meetup","Tel Aviv-Yafo","Israel","Asia",647,"https://www.meetup.com/Sisense-R-D-Meetup/",2018-11-29,3,0,"public"
"130","Prague R Meetup Group","Prague","Czech Republic","Europe",667,"https://www.meetup.com/Prague-R-Meetup-Group/",2015-03-16,8,0,"public"
"131","KNIME User Group UK","London","United Kingdom","Europe",353,"https://www.meetup.com/KNIME-User-Group-UK/",2013-11-29,10,0,"public"
"132","Adventures in R Meetup","Newcastle Upon Tyne","United Kingdom","Europe",125,"https://www.meetup.com/Adventures-in-R-Meetup/",2018-08-16,18,0,"public"
"133","R User Group Finland","Helsinki","Finland","Europe",253,"https://www.meetup.com/R-User-Group-Finland/",2015-08-31,1,0,"public"
"134","Bluenose-R - User Group","Halifax","Canada","US/Canada",141,"https://www.meetup.com/Bluenose-R-User-Group/",2018-03-27,7,0,"public"
"135","Predictive Business Analytics with R - New Delhi","Delhi","India","Asia",1582,"https://www.meetup.com/Predictive-Business-Analytics-with-R-New-Delhi/",2014-08-31,7,0,"public"
"136","Greater Portland useR Group (R programming language)","Portland","USA","US/Canada",124,"https://www.meetup.com/Greater-Portland-useR-Group/",2018-08-10,7,0,"public"
"137","UVa R Users Group","Charlottesville","USA","US/Canada",581,"https://www.meetup.com/UVa-R-Users-Group/",2014-08-04,22,0,"public"
"138","Dallas R Users Group","Dallas","USA","US/Canada",2184,"https://www.meetup.com/Dallas-R-Users-Group/",2011-02-19,84,0,"public"
"139","The México City R Users Group","México City","Mexico","Latin America",153,"https://www.meetup.com/The-Mexico-City-R-Users-Group/",2014-02-05,4,0,"public"
"140","Oslo useR! Group","Oslo","Norway","Europe",807,"https://www.meetup.com/Oslo-useR-Group/",2015-02-11,21,1,"public"
"141","Salt Lake City R Users Group","Salt Lake City","USA","US/Canada",579,"https://www.meetup.com/slc-rug/",2017-11-06,18,2,"public"
"142","Belo Horizonte R Users Group","Belo Horizonte","Brazil","Latin America",135,"https://www.meetup.com/Belo-Horizonte-R-Users-Group/",2016-05-13,0,0,"public"
"143","RVA R User's Group.","Richmond","USA","US/Canada",50,"https://www.meetup.com/RVA-R-Users-Group/",2018-01-29,8,0,"public"
"144","Malaysia R User Public Group","Kuala Lumpur","Malaysia","Asia",177,"https://www.meetup.com/Malaysia-R-User-Group/",2018-09-25,2,1,"public"
"145","Brisbane Users of R Group - BURGr","Brisbane","Australia","Australia",688,"https://www.meetup.com/Brisbane-Users-of-R-Group-BURGr/",2016-05-12,49,0,"public"
"146","Tecate BC México R Users Group Meetup","Tecate","Mexico","Latin America",15,"https://www.meetup.com/Tecate-BC-Mexico-R-Users-Group-Meetup/",2014-09-11,0,0,"public"
"147","Twin Cities R User Group (TCRUG)","Minneapolis","USA","US/Canada",1833,"https://www.meetup.com/twincitiesrug/",2011-01-26,65,0,"public"
"148","Denver R User Group","Denver","USA","US/Canada",1415,"https://www.meetup.com/DenverRUG/",2010-08-25,71,1,"public"
"149","R User Group - Singapore (RUGS)","Singapore","Singapore","Asia",2002,"https://www.meetup.com/R-User-Group-SG/",2010-07-26,76,2,"public_limited"
"150","Saint Louis R User Group","Saint Louis","USA","US/Canada",858,"https://www.meetup.com/Saint-Louis-RUG/",2011-01-26,64,4,"public"
"151","Hyderabad R Programming Meetup","Hyderabad","India","Asia",290,"https://www.meetup.com/Hyderabad-R-Programming-Meetup/",2014-09-11,0,1,"public"
"152","Portland R User Group","Portland","USA","US/Canada",1589,"https://www.meetup.com/portland-r-user-group/",2010-08-04,145,0,"public"
"153","Wiesbaden R User Group","Wiesbaden","Germany","Europe",345,"https://www.meetup.com/Wiesbaden-R-Users-Group/",2011-01-28,44,2,"public"
"154","R-Lab Milano","Milano","Italy","Europe",469,"https://www.meetup.com/R-Lab-Milano/",2017-02-23,10,0,"public"
"155","R Users Monterrey","Monterrey","Mexico","Latin America",50,"https://www.meetup.com/R-Users-Monterrey/",2017-08-10,0,1,"public"
"156","R Users Group, Gainesville, FL","Gainesville","USA","US/Canada",451,"https://www.meetup.com/R-Users-Group-Gainesville-FL/",2013-05-22,33,0,"public"
"157","MapR Users Meetup","Makati","Philippines","Asia",138,"https://www.meetup.com/MapR-Users-Meetup/",2018-03-18,1,0,"public"
"158","Ellucian AR Labs Technology Meetup","Bangalore","India","Asia",173,"https://www.meetup.com/Ellucian-AR-Labs-Technology-Meetup/",2018-07-15,2,0,"public"
"159","R Users Group Chennai","Chennai","India","Asia",374,"https://www.meetup.com/R-Users-Group-Chennai/",2014-05-25,3,0,"public"
"160","Cali R Users Group (Cali)","Cali","Colombia","Latin America",471,"https://www.meetup.com/R-Users-Group-Cali/",2014-12-23,8,0,"public"
"161","Turkish Community of R","Ankara","Turkey","Europe",1125,"https://www.meetup.com/tcr-users/",2013-03-08,4,0,"public"
"162","R <- Slovakia","Bratislava","Slovakia","Europe",28,"https://www.meetup.com/R-Users-Slovakia/",2019-04-22,0,0,"public"
"163","R Users Group - Philippines","Manila","Philippines","Asia",1173,"https://www.meetup.com/R-Users-Group-Philippines/",2013-08-20,66,5,"public"
"164","SP Robotics Maker Lab HSR Meetup Group","Bangalore","India","Asia",52,"https://www.meetup.com/SP-Robotics-Maker-Lab-HSR-Meetup-Group/",2019-06-13,6,0,"public"
"165","Farner Lab","Zürich","Switzerland","Europe",53,"https://www.meetup.com/Farner-Lab/",2019-05-02,1,0,"public"
"166","R-Ladies Washington D.C.","Washington","USA","US/Canada",1441,"https://www.meetup.com/rladies-dc/",2016-12-07,39,1,"public"
"167","Arlington Statistical Computing Meetup","Arlington","USA","US/Canada",225,"https://www.meetup.com/Arlington-Statistical-Computing-Meetup/",2017-02-26,3,0,"public"
"168","Austin Data Visualization","Austin","USA","US/Canada",316,"https://www.meetup.com/Austin-Data-Visualization/",2012-03-07,4,0,"public"
"169","Data Science Nairobi","Nairobi","Kenya","Africa",1577,"https://www.meetup.com/Data-Science-Nairobi/",2016-01-24,7,0,"public"
"170","Dublin R","Dublin","Ireland","Europe",2197,"https://www.meetup.com/DublinR/",2011-11-04,158,1,"public"
"171","Warwick R User Group (R Programming Language)","Coventry","United Kingdom","Europe",312,"https://www.meetup.com/Warwick-useRs/",2017-07-08,13,0,"public"
"172","R-Ladies Munich","München","Germany","Europe",257,"https://www.meetup.com/rladies-munich/",2017-03-21,7,0,"public"
"173","Stockholm R useR group (SRUG)","Stockholm","Sweden","Europe",1119,"https://www.meetup.com/StockholmR/",2012-07-23,33,0,"public"
"174","Vancouver R Users Group (data analysis / statistics)","Vancouver","Canada","US/Canada",1009,"https://www.meetup.com/Vancouver-R-Users-Group-data-analysis-statistics/",2011-02-09,20,0,"public"
"175","mumbai-r-user-group","Mumbai","India","Asia",574,"https://www.meetup.com/mumbai-r-user-group/",2013-09-15,31,1,"public"
"176","Atlanta R Users Group","Atlanta","USA","US/Canada",915,"https://www.meetup.com/R-Users-Atlanta/",2012-02-14,26,0,"public"
"177","adminR: R in Swiss Official Statistics","Bern","Switzerland","Europe",188,"https://www.meetup.com/adminR/",2018-08-19,2,0,"public"
"178","R-Ladies Portland, Maine","Portland","USA","US/Canada",22,"https://www.meetup.com/rladies-portland-maine/",2017-09-15,0,0,"public"
"179","Medellín R Users Group","Medellín","Colombia","Latin America",156,"https://www.meetup.com/meetup-group-XAHidokx/",2019-04-05,1,0,"public"
"180","Auckland R Users Group (AKLRUG)","Auckland","New Zealand","Australia",1232,"https://www.meetup.com/Auckland-R-Users-Group-AKLRUG/",2013-01-08,19,0,"public"
"181","Manchester R user Group","Manchester","United Kingdom","Europe",956,"https://www.meetup.com/Manchester-R/",2013-01-07,26,1,"public"
"182","Bogotá R Users Group","Bogotá","Colombia","Latin America",1405,"https://www.meetup.com/Bogota-R-Users-Group/",2013-09-18,21,1,"public"
"183","Bay Area useR Group (R Programming Language)","San Francisco","USA","US/Canada",6215,"https://www.meetup.com/R-Users/",2008-07-17,140,1,"public"
"184","MadR - Madison R Programming UseRs Group","Madison","USA","US/Canada",583,"https://www.meetup.com/MadR-Madison-R-Programming-UseRs-Group/",2014-01-10,41,1,"public"
"185","R Users Group Kenya (RUGK)","Nairobi","Kenya","Africa",76,"https://www.meetup.com/R-Users-Group-Kenya-RUGK/",2014-08-29,0,0,"public"
"186","R <-Gang: R Programming & Statistical Computing Meetup","Bensalem","USA","US/Canada",197,"https://www.meetup.com/R-Gang-R-Programming-Statistical-Computing-Meetup/",2014-01-25,15,0,"public"
"187","New Delhi  UseR Group (R Programming Language)","Delhi","India","Asia",1453,"https://www.meetup.com/New-Delhi-R-UseR-Group/",2012-10-21,87,0,"public_limited"
"188","R-Ladies Buffalo","Buffalo","USA","US/Canada",26,"https://www.meetup.com/rladies-buffalo/",2017-05-28,2,0,"public"
"189","amst-R-dam","Amsterdam","Netherlands","Europe",1242,"https://www.meetup.com/amst-R-dam/",2010-09-09,33,0,"public"
"190","Raleigh-Durham-Chapel Hill R Users Group","Chapel Hill","USA","US/Canada",767,"https://www.meetup.com/Triangle-useR/",2010-08-16,38,0,"public"
"191","Seattle useR Group (R Programming Language)","Seattle","USA","US/Canada",2448,"https://www.meetup.com/Seattle-useR/",2009-12-12,67,0,"public"
"192","Houston R Users Group","Houston","USA","US/Canada",1361,"https://www.meetup.com/houstonr/",2010-11-01,71,3,"public"
"193","Connecticut R Users Group","New Haven","USA","US/Canada",276,"https://www.meetup.com/Conneticut-R-Users-Group/",2011-09-15,19,0,"public"
"194","R-Ladies Lisboa","Lisbon","Portugal","Europe",504,"https://www.meetup.com/rladies-lisboa/",2016-10-26,9,0,"public"
"195","Leipzig R statistical computing","Leipzig","Germany","Europe",241,"https://www.meetup.com/Leipzig-R-statistical-computing/",2011-10-22,11,0,"public"
"196","Canberra R Users Group","Canberra","Australia","Australia",303,"https://www.meetup.com/Canberra-R-Users-Group/",2010-07-19,33,0,"public"
"197","sonRaí","Galway","Ireland","Europe",129,"https://www.meetup.com/sonRai/",2018-02-16,4,0,"public"
"198","R-Ladies San Francisco","San Francisco","USA","US/Canada",1440,"https://www.meetup.com/rladies-san-francisco/",2012-10-01,54,1,"public"
"199","R-Ladies Manchester","Manchester","United Kingdom","Europe",372,"https://www.meetup.com/rladies-manchester/",2016-11-29,14,1,"public"
"200","R-Ladies RTP","Durham","USA","US/Canada",617,"https://www.meetup.com/rladies-rtp/",2016-08-15,38,0,"public"
"201","We R","London","United Kingdom","Europe",357,"https://www.meetup.com/WeR-stats/",2017-03-15,12,1,"public_limited"
"202","Chicago Chapter American Statistical Association","Chicago","USA","US/Canada",579,"https://www.meetup.com/Chicago-Chapter-American-Statistical-Association/",2012-09-17,46,0,"public"
"203","Bozeman Area R useR Group","Bozeman","USA","US/Canada",151,"https://www.meetup.com/Bozeman-useR-Group-R-Programming-Language/",2013-05-30,25,0,"public"
"204","Statistical Seminars DC","Washington","USA","US/Canada",905,"https://www.meetup.com/Statistical-Seminars-DC/",2018-07-07,34,1,"public"
"205","R en Buenos Aires","Buenos Aires","Argentina","Latin America",320,"https://www.meetup.com/renbaires/",2018-10-04,4,0,"public"
"206","R-Ladies Miami","Miami","USA","US/Canada",343,"https://www.meetup.com/rladies-miami/",2017-06-03,12,0,"public"
"207","R-Ladies Twin Cities","Minneapolis","USA","US/Canada",299,"https://www.meetup.com/rladies-tc/",2015-04-01,33,0,"public"
"208","R-Ladies Nashville","Nashville","USA","US/Canada",457,"https://www.meetup.com/rladies-nashville/",2016-09-28,16,1,"public"
"209","DakaR R User Group","Dakar","Senegal","Africa",187,"https://www.meetup.com/DakaR-R-User-Group/",2013-10-23,5,0,"public"
"210","R para utilizadores Excel Lisboa","Lisbon","Portugal","Europe",29,"https://www.meetup.com/R-para-utilizadores-Excel-Lisboa/",2019-06-04,0,0,"public"
"211","R-Ladies Cape Town","Cape Town","South Africa","Africa",506,"https://www.meetup.com/rladies-cape-town/",2017-03-06,18,0,"public"
"212","R-Ladies Brussels","Brussels","Belgium","Europe",218,"https://www.meetup.com/rladies-brussels/",2017-08-15,10,0,"public"
"213","R, ML and AI in Sydney","Sydney","Australia","Australia",182,"https://www.meetup.com/R-ML-and-AI-in-Sydney/",2019-01-12,0,0,"public"
"214","R-Ladies Taipei","Taipei","Taiwan","Asia",1522,"https://www.meetup.com/rladies-taipei/",2016-10-23,41,1,"public"
"215","Statistical Society of Australia, Victorian Branch","Melbourne","Australia","Australia",2260,"https://www.meetup.com/Statistical-Society-of-Australia-Victorian-Branch/",2013-07-29,67,2,"public"
"216","Hamburg R User Group","Hamburg","Germany","Europe",744,"https://www.meetup.com/Hamburg-R-User-Group/",2014-09-20,18,0,"public"
"217","R-Ladies Los Angeles","Los Angeles","USA","US/Canada",384,"https://www.meetup.com/rladies-la/",2016-09-02,17,1,"public"
"218","R-Ladies Madrid","Madrid","Spain","Europe",1237,"https://www.meetup.com/rladies-madrid/",2016-09-02,30,0,"public"
"219","R-Ladies Barcelona","Barcelona","Spain","Europe",392,"https://www.meetup.com/rladies-barcelona/",2016-10-22,12,0,"public"
"220","Cairo Bioinformatics Group","Cairo","Egypt","Africa",59,"https://www.meetup.com/Cairo-Bioinformatics-Group/",2013-08-29,0,0,"public"
"221","R-Ladies İzmiR","Izmir","Turkey","Europe",750,"https://www.meetup.com/rladies-izmir/",2016-10-09,1,0,"public"
"222","eRka / Cracow R Users Group","Kraków","Poland","Europe",818,"https://www.meetup.com/erkakrakow/",2014-10-19,27,0,"public"
"223","New York City R/Bioconductor for Genomics","New York","USA","US/Canada",775,"https://www.meetup.com/BiocNYC/",2017-09-05,15,0,"public"
"224","Bay Area entrepreneurs in statistics","Oakland","USA","US/Canada",1303,"https://www.meetup.com/Bay-Area-entrepreneur-in-statistics/",2014-07-21,26,0,"public"
"225","R-Ladies Montreal","Montréal","Canada","US/Canada",412,"https://www.meetup.com/rladies-montreal/",2017-09-14,12,2,"public"
"226","Offa R Users Group","Offa","Nigeria","Africa",168,"https://www.meetup.com/FEDPOFA-R-Users-Group/",2013-09-20,38,0,"public"
"227","R-Ladies Natal","Natal","Brazil","Latin America",137,"https://www.meetup.com/rladies-natal/",2017-09-25,3,0,"public_limited"
"228","Brasília UseR Meetup (Linguagem de Programação ""R"")","Brasília","Brazil","Latin America",555,"https://www.meetup.com/Brasilia-UseR-Meetup/",2015-07-05,5,0,"public"
"229","São Paulo R Users Group","São Paulo","Brazil","Latin America",1971,"https://www.meetup.com/useR-SP/",2015-05-30,24,0,"public_limited"
"230","Florianópolis R-NNQ R users group","Florianópolis","Brazil","Latin America",469,"https://www.meetup.com/Florianopolis-R-NNQ-R-users-group/",2016-05-06,15,0,"public"
"231","R Users Group Hyderabad(RUGH)","Hyderabad","India","Asia",500,"https://www.meetup.com/R-Users-Group-Hyderabad/",2013-09-15,5,0,"public"
"232","R-Ladies Ames","Ames","USA","US/Canada",193,"https://www.meetup.com/rladies-ames/",2016-11-25,59,0,"public"
"233","XMU-R","Xiamen","China","Asia",225,"https://www.meetup.com/RGROUP/",2014-09-11,22,0,"public"
"234","Grupo de Usuarios de R en Chile","Santiago","Chile","Latin America",1435,"https://www.meetup.com/useRchile/",2013-01-22,33,1,"public"
"235","Statistical Programming DC","Washington","USA","US/Canada",5976,"https://www.meetup.com/stats-prog-dc/",2009-08-10,74,1,"public"
"236","Data Science Johannesburg","Johannesburg","South Africa","Africa",1049,"https://www.meetup.com/Data-Science-Johannesburg/",2012-04-26,26,0,"public"
"237","SheffieldR - Sheffield R Users Group","Sheffield","United Kingdom","Europe",418,"https://www.meetup.com/SheffieldR-Sheffield-R-Users-Group/",2013-03-28,48,1,"public"
"238","R-Ladies Columbus","Columbus","USA","US/Canada",666,"https://www.meetup.com/rladies-columbus/",2016-10-04,26,1,"public"
"239","R@Minho","Braga","Portugal","Europe",43,"https://www.meetup.com/R-Minho/",2015-10-06,0,0,"public"
"240","R-Ladies Novi Sad","Novi Sad","Serbia","Europe",55,"https://www.meetup.com/rladies-novi-sad/",2019-05-24,1,0,"public"
"241","Vienna<-R","Vienna","Austria","Europe",555,"https://www.meetup.com/ViennaR/",2011-10-29,39,0,"public"
"242","R-Ladies Hartford","Hartford","USA","US/Canada",70,"https://www.meetup.com/rladies-hartford/",2016-11-09,1,0,"public"
"243","Chicago North West Suburbs R user group","Northbrook","USA","US/Canada",50,"https://www.meetup.com/Chicago-North-West-Suburbs-R-user-group/",2015-07-15,2,0,"public"
"244","R-Ladies Chicago","Chicago","USA","US/Canada",908,"https://www.meetup.com/rladies-chicago/",2017-07-05,26,1,"public"
"245","R-Ladies London","London","United Kingdom","Europe",1388,"https://www.meetup.com/rladies-london/",2016-01-31,48,1,"public"
"246","Köln R User Group","Köln","Germany","Europe",931,"https://www.meetup.com/KoelnRUG/",2012-03-30,27,1,"public"
"247","R-Ladies Madison","Madison","USA","US/Canada",50,"https://www.meetup.com/R-Ladies-Madison/",2019-04-30,2,1,"public"
"248","Quantum Computing Collective Trivandrum","Thiruvananthapuram","India","Asia",400,"https://www.meetup.com/Quantum-Computing-Collective-Trivandrum/",2017-11-29,23,1,"public"
"249","R-Ladies Belgrade","Belgrade","Serbia","Europe",321,"https://www.meetup.com/rladies-belgrade/",2017-09-15,15,0,"public"
"250","R-Ladies Americana","Americana","Brazil","Latin America",37,"https://www.meetup.com/rladies-americana/",2017-06-24,0,0,"public"
"251","R-Ladies Montevideo","Montevideo","Uruguay","Latin America",200,"https://www.meetup.com/rladies-montevideo/",2017-06-02,9,0,"public"
"252","Statistical Seminars","Washington","USA","US/Canada",1419,"https://www.meetup.com/Statistical-seminars/",2015-12-24,63,0,"public_limited"
"253","R-Ladies Berlin","Berlin","Germany","Europe",525,"https://www.meetup.com/rladies-berlin/",2016-10-31,24,1,"public"
"254","R-Ladies CDMX","México City","Mexico","Latin America",1149,"https://www.meetup.com/rladies-cdmx/",2017-07-04,7,1,"public"
"255","R-Ladies PDX","Portland","USA","US/Canada",223,"https://www.meetup.com/rladies-pdx/",2017-07-20,13,1,"public"
"256","The East Bay R Language Enthusiasts Group","Oakland","USA","US/Canada",1759,"https://www.meetup.com/r-enthusiasts/",2012-01-28,91,0,"public"
"257","R-Ladies Montenegro","HN","Montenegro","Europe",84,"https://www.meetup.com/rladies-montenegro/",2017-07-27,1,0,"public"
"258","R-Ladies Tbilisi","Tbilisi","Georgia","Asia",136,"https://www.meetup.com/rladies-tbilisi/",2016-11-29,46,0,"public"
"259","R-Ladies Rio de Janeiro","Rio de Janeiro","Brazil","Latin America",410,"https://www.meetup.com/rladies-rio/",2017-02-27,4,0,"public"
"260","Buffalo R","Buffalo","USA","US/Canada",26,"https://www.meetup.com/Buffalo-R/",2019-06-27,0,0,"public"
"261","R-Ladies St. Louis","Saint Louis","USA","US/Canada",335,"https://www.meetup.com/rladies-st-louis/",2017-08-28,9,0,"public"
"262","R-Ladies Adelaide","Adelaide","Australia","Australia",197,"https://www.meetup.com/rladies-adelaide/",2017-02-02,5,0,"public"
"263","Lads and Lasses Who R","Merrifield","USA","US/Canada",204,"https://www.meetup.com/Lads-and-Lasses-Who-R/",2018-07-16,12,1,"public_limited"
"264","R-Ladies Paris","Paris","France","Europe",525,"https://www.meetup.com/rladies-paris/",2016-09-19,15,0,"public"
"265","R-Ladies Linz","Linz","Austria","Europe",9,"https://www.meetup.com/rladies-linz/",2018-02-23,0,0,"public"
"266","R-Ladies Leuven","Leuven","Belgium","Europe",93,"https://www.meetup.com/rladies-leuven/",2017-10-30,4,0,"public"
"267","Birmingham R User Group (R Programming Language)","Birmingham","United Kingdom","Europe",567,"https://www.meetup.com/BirminghamR/",2011-12-05,17,0,"public"
"268","R-Ladies East Lansing","East Lansing","USA","US/Canada",288,"https://www.meetup.com/rladies-eastlansing/",2017-12-09,12,0,"public"
"269","R-Ladies Melbourne","Melbourne","Australia","Australia",1241,"https://www.meetup.com/rladies-melbourne/",2016-09-02,45,0,"public"
"270","Komunitas R Indonesia","Jakarta","Indonesia","Asia",585,"https://www.meetup.com/r-indonesia/",2019-04-28,5,0,"public"
"271","R Addicts Paris","Paris","France","Europe",1643,"https://www.meetup.com/rparis/",2013-03-21,24,0,"public"
"272","R-Ladies Exeter","Exeter","United Kingdom","Europe",9,"https://www.meetup.com/rladies-exeter/",2019-02-27,0,0,"public"
"273","R Glasgow","Glasgow","United Kingdom","Europe",101,"https://www.meetup.com/RGlasgow/",2019-04-24,1,0,"public"
"274","R-Ladies Chennai","Chennai","India","Asia",315,"https://www.meetup.com/rladies-chennai/",2017-10-15,5,0,"public"
"275","New York Open Statistical Programming Meetup","New York","USA","US/Canada",10816,"https://www.meetup.com/nyhackr/",2009-03-12,108,0,"public"
"276","Barranquilla Analítica R","Barranquilla","Colombia","Latin America",337,"https://www.meetup.com/Barranquilla-Analitica-R/",2018-05-26,7,0,"public"
"277","R-Ladies Orlando","Orlando","USA","US/Canada",316,"https://www.meetup.com/rladies-orlando/",2017-06-05,17,0,"public"
"278","R-Ladies Kansas City","Kansas City","USA","US/Canada",14,"https://www.meetup.com/rladies-kansas-city/",2019-07-19,0,0,"public"
"279","R-Ladies Riverside","Riverside","USA","US/Canada",11,"https://www.meetup.com/rladies-riverside/",2019-08-02,0,0,"public"
"280","R-Ladies Canberra","Canberra","Australia","Australia",120,"https://www.meetup.com/rladies-canberra/",2018-12-10,5,0,"public"
"281","Pune  R users Meetup","Pune","India","Asia",207,"https://www.meetup.com/Pune-R-junkies-Meetup/",2014-11-30,0,1,"public"
"282","R-Ladies Philly","Philadelphia","USA","US/Canada",651,"https://www.meetup.com/rladies-philly/",2017-10-11,25,1,"public"
"283","R-Ladies Seattle","Seattle","USA","US/Canada",562,"https://www.meetup.com/rladies-seattle/",2017-11-08,22,0,"public"
"284","R-Ladies Highland Park","Highland Park","USA","US/Canada",44,"https://www.meetup.com/rladies-highland-park/",2019-05-09,1,0,"public"
"285","R-Ladies Bilbao","Bilbao","Spain","Europe",52,"https://www.meetup.com/rladies-bilbao/",2019-02-27,1,0,"public"
"286","R-Ladies Tiruchirappalli","Tiruchchirappalli","India","Asia",157,"https://www.meetup.com/rladies-tiruchirappalli/",2018-03-03,1,0,"public"
"287","R-Ladies Córdoba","Córdoba","Argentina","Latin America",102,"https://www.meetup.com/rladies-cordoba/",2018-04-11,2,0,"public"
"288","R-Ladies Mendoza","Mendoza","Argentina","Latin America",174,"https://www.meetup.com/rladies-mendoza/",2018-02-26,8,0,"public"
"289","R-Ladies Charlottesville","Charlottesville","USA","US/Canada",142,"https://www.meetup.com/rladies-charlottesville/",2017-09-21,13,0,"public"
"290","R-Ladies Waterloo","Waterloo","Canada","US/Canada",47,"https://www.meetup.com/rladies-waterloo/",2018-07-20,0,0,"public"
"291","R-Ladies Lima","Lima","Peru","Latin America",828,"https://www.meetup.com/rladies-lima/",2018-01-25,6,0,"public"
"292","R-Ladies Fayetteville","Fayetteville","USA","US/Canada",16,"https://www.meetup.com/rladies-fayetteville/",2019-07-27,0,0,"public"
"293","R-Ladies Houston","Houston","USA","US/Canada",64,"https://www.meetup.com/rladies-houston/",2018-12-07,0,0,"public"
"294","Taiwan R User Group / MLDM Monday","Taipei","Taiwan","Asia",6701,"https://www.meetup.com/Taiwan-R/",2012-09-28,321,4,"public"
"295","Sydney Users of  R Forum (SURF)","Sydney","Australia","Australia",2729,"https://www.meetup.com/R-Users-Sydney/",2010-06-06,109,1,"public"
"296","R-Ladies Irvine","Irvine","USA","US/Canada",298,"https://www.meetup.com/rladies-irvine/",2018-03-13,10,1,"public"
"297","R-Ladies San Diego","San Diego","USA","US/Canada",417,"https://www.meetup.com/rladies-san-diego/",2017-06-16,24,1,"public"
"298","Kasseler useR Group (R Programming Language)","Kassel","Germany","Europe",92,"https://www.meetup.com/Kassel-useR-Group/",2010-06-01,42,0,"public"
"299","R-Ladies Curitiba","Curitiba","Brazil","Latin America",172,"https://www.meetup.com/rladies-curitiba/",2018-05-29,1,0,"public"
"300","R en Rosario","Rosario","Argentina","Latin America",159,"https://www.meetup.com/R-en-Rosario/",2018-10-03,4,0,"public"
"301","CinDay RUG","Dayton","USA","US/Canada",279,"https://www.meetup.com/CinDay-RUG/",2010-11-10,42,0,"public"
"302","Seoul R developers","Seoul","Korea (South)","Asia",81,"https://www.meetup.com/R-devops/",2017-03-04,1,0,"public"
"303","Hobart R Users Group","Hobart","Australia","Australia",330,"https://www.meetup.com/Hobart-R-Users-Group/",2010-10-25,29,0,"public"
"304","R-Ladies Santiago","Santiago","Chile","Latin America",1366,"https://www.meetup.com/rladies-scl/",2017-07-18,22,0,"public"
"305","R-Ladies Auckland","Auckland","New Zealand","Australia",477,"https://www.meetup.com/rladies-auckland/",2017-11-20,15,1,"public"
"306","R-Ladies Johannesburg","Johannesburg","South Africa","Africa",388,"https://www.meetup.com/rladies-johannesburg/",2018-02-26,12,0,"public"
"307","R-Ladies Frankfurt","Frankfurt","Germany","Europe",70,"https://www.meetup.com/rladies-frankfurt/",2019-02-27,4,1,"public"
"308","R-Ladies Valencia","Valencia","Spain","Europe",34,"https://www.meetup.com/rladies-valencia/",2017-10-30,0,0,"public"
"309","R-Ladies Liverpool","Liverpool","United Kingdom","Europe",60,"https://www.meetup.com/rladies-liverpool/",2017-10-29,1,0,"public"
"310","R-Ladies Edinburgh","Edinburgh","United Kingdom","Europe",200,"https://www.meetup.com/rladies-edinburgh/",2018-07-27,4,0,"public"
"311","R-Ladies Porto Alegre","Porto Alegre","Brazil","Latin America",268,"https://www.meetup.com/rladies-porto-alegre/",2017-10-30,5,0,"public"
"312","Albany R Users Group","Albany","USA","US/Canada",288,"https://www.meetup.com/Albany-R-Users-Group/",2014-03-20,16,0,"public"
"313","R-Ladies Santa Rosa","Santa Rosa","Argentina","Latin America",40,"https://www.meetup.com/rladies-santa-rosa/",2017-04-06,9,0,"public"
"314","R-Ladies Iowa City","Iowa City","USA","US/Canada",70,"https://www.meetup.com/rladies-iowa-city/",2018-09-18,3,0,"public"
"315","Melbourne Users of R Network (MelbURN)","Melbourne","Australia","Australia",2629,"https://www.meetup.com/MelbURN-Melbourne-Users-of-R-Network/",2010-08-04,91,2,"public"
"316","R-Ladies Vancouver","Vancouver","Canada","US/Canada",332,"https://www.meetup.com/rladies-vancouver/",2017-10-06,14,1,"public"
"317","R-Ladies Budapest","Budapest","Hungary","Europe",779,"https://www.meetup.com/rladies-budapest/",2017-01-24,28,0,"public"
"318","R Para Principiantes","Alboraya","Spain","Europe",36,"https://www.meetup.com/R-Para-Principiantes/",2019-02-19,1,0,"public"
"319","R-Ladies Strasbourg","Strasbourg","France","Europe",45,"https://www.meetup.com/rladies-strasbourg/",2017-09-27,8,0,"public"
"320","eRfahrungsaustausch zum Thema ""R"" in Esslingen","Esslingen","Germany","Europe",29,"https://www.meetup.com/eRfahrungsaustausch-zum-Thema-R-in-Esslingen/",2017-11-25,4,0,"public"
"321","R-Ladies Cambridge","Cambridge","United Kingdom","Europe",141,"https://www.meetup.com/rladies-cambridge/",2017-11-10,0,0,"public"
"322","Chiang Mai R Users Group","Chiang Mai","Thailand","Asia",71,"https://www.meetup.com/ChiangMaiR/",2015-04-14,0,0,"public"
"323","North Bethesda Stats Meetup","Bethesda","USA","US/Canada",32,"https://www.meetup.com/North-Bethesda-Stats-Meetup/",2019-07-05,1,0,"public"
"324","Göttingen Software Development Meetup","Göttingen","Germany","Europe",18,"https://www.meetup.com/Gottingen-Software-Development-Meetup/",2019-02-05,0,0,"public"
"325","Kolkata Data Science Meetup","Kolkata","India","Asia",862,"https://www.meetup.com/Kolkata-Data-Science-Meetup/",2014-12-03,1,0,"public"
"326","Stan Users - Boston/Camberville","Cambridge","USA","US/Canada",414,"https://www.meetup.com/Stan-Users-Boston-Camberville/",2015-09-02,17,0,"public"
"327","NYC Stats Programming Master Classes","New York","USA","US/Canada",707,"https://www.meetup.com/datascienceclasses/",2013-01-25,5,0,"public"
"328","Open Data Science (Hosted by ODSC)","Cambridge","USA","US/Canada",4747,"https://www.meetup.com/open-data-odsc/",2013-03-20,115,3,"public"
"329","Data Science Dojo – Seattle","Redmond","USA","US/Canada",3291,"https://www.meetup.com/data-science-dojo/",2013-11-09,55,1,"public"
"330","Bayesian Data Analysis","New York","USA","US/Canada",1692,"https://www.meetup.com/bda-group/",2014-04-22,29,0,"public"
"331","AthensR","Athens","Greece","Europe",184,"https://www.meetup.com/AthensR/",2015-04-16,0,0,"public"
"332","Data Science Strasbourg","Strasbourg","France","Europe",714,"https://www.meetup.com/data-science-strasbourg/",2014-07-03,22,0,"public"
"333","RBelgium","Brussels","Belgium","Europe",744,"https://www.meetup.com/RBelgium/",2011-12-19,21,0,"public"
"334","London Probability Theory Meetup","London","United Kingdom","Europe",120,"https://www.meetup.com/London-Probability-Theory-Meetup/",2017-04-09,0,0,"public"
"335","rMoscow","Moscow","Russia","Europe",528,"https://www.meetup.com/rMoscow/",2014-06-16,6,0,"public"
"336","Brooklyn Advanced Marketing Methods","Brooklyn","USA","US/Canada",14,"https://www.meetup.com/Brooklyn-Advanced-Marketing-Methods/",2019-02-12,0,0,"public"
"337","NYC Data Wranglers","New York","USA","US/Canada",3035,"https://www.meetup.com/NYC-Data-Wranglers/",2014-01-03,49,0,"public"
"338","PyData Guatemala","Guatemala","Guatemala","Latin America",192,"https://www.meetup.com/PyData-Guatemala/",2018-03-13,1,0,"public"
"339","Ha Noi R Users Group Meetup","Ha Noi","Vietnam","Asia",326,"https://www.meetup.com/Ha-Noi-R-Users-Group-Meetup/",2014-11-13,0,0,"public"
"340","ShenzhenR","Las Vegas","USA","US/Canada",12,"https://www.meetup.com/ShenzhenR/",2017-12-07,0,0,"public"
"341","CalgaryR","Calgary","Canada","US/Canada",940,"https://www.meetup.com/calgaryr/",2015-04-14,32,0,"public"
"342","Barcelona Data Science and Machine Learning Meetup","Barcelona","Spain","Europe",1978,"https://www.meetup.com/barcelona-data-science-machine-learning/",2014-04-11,38,0,"public"
"343","Kaggle Paris Meetup","Paris","France","Europe",1105,"https://www.meetup.com/Kaggle-Paris-Meetup/",2014-03-07,20,0,"public"
"344","Nijmegen eveRybody","Nijmegen","Netherlands","Europe",253,"https://www.meetup.com/Nijmegen-eveRybody/",2015-04-11,6,0,"public"
"345","Let´s Talk Data Osnabruck","Osnabrück","Germany","Europe",115,"https://www.meetup.com/Let-s-Talk-Data-Osnabruck/",2016-05-25,6,0,"public"
"346","Boston Area Pharmaceutical Statistics and Data Science Group","Boston","USA","US/Canada",234,"https://www.meetup.com/Boston-Area-Pharmaceutical-Statistics-and-Data-Science-Group/",2019-05-09,1,0,"public"
"347","Meetup: Bayesian Econometrics","Medellín","Colombia","Latin America",50,"https://www.meetup.com/Meetup-Bayesian-Econometrics/",2016-06-23,0,0,"public"
"348","Charleston Data Science","Charleston","USA","US/Canada",718,"https://www.meetup.com/Charleston-Data-Science/",2014-10-05,27,0,"public"
"349","Upstate Data Analytics","Spartanburg","USA","US/Canada",207,"https://www.meetup.com/Upstate-Data-Analytics/",2014-10-01,8,0,"public"
"350","LA Bayesian Statistics STAN Meetup","Los Angeles","USA","US/Canada",56,"https://www.meetup.com/Los-Angeles-Bayesian-Statistics-STAN-Meetup/",2017-10-17,0,0,"public"
"351","Data Science NL","Amsterdam","Netherlands","Europe",2521,"https://www.meetup.com/DataScienceNL/",2012-10-02,11,0,"public"
"352","Data Science KC","Kansas City","USA","US/Canada",1896,"https://www.meetup.com/Data-Science-KC/",2013-06-21,45,0,"public"
"353","UseRS","Porto Alegre","Brazil","Latin America",611,"https://www.meetup.com/UseRS_/",2015-12-22,11,0,"public"
"354","St. Louis Machine Learning & Data Science","Saint Louis","USA","US/Canada",2074,"https://www.meetup.com/St-Louis-Machine-Learning/",2012-07-17,71,8,"public"
"355","Salt Lake City Data Science","Salt Lake City","USA","US/Canada",1299,"https://www.meetup.com/Salt-Lake-City-Data-Science/",2014-02-21,29,1,"public"
"356","Data Science Unplugged","Lisbon","Portugal","Europe",420,"https://www.meetup.com/Data-Science-Unplugged/",2017-10-03,7,0,"public"
"357","France KNIME Users","Paris","France","Europe",276,"https://www.meetup.com/Paris-KNIME-Users/",2015-04-27,4,0,"public"
"358","Data Science Den Haag","Den Haag","Netherlands","Europe",116,"https://www.meetup.com/Data-Science-Den-Haag/",2017-04-07,0,0,"public"
"359","PyData Wroclaw","Wroclaw","Poland","Europe",603,"https://www.meetup.com/PyData-Wroclaw/",2016-09-23,15,0,"public"
"360","Data Science - Abu Dhabi","Abu Dhabi","U.A.E.","Asia",193,"https://www.meetup.com/Data-Science-Abu-Dhabi/",2016-11-24,0,0,"public"
"361","Campinas Julia Language Meetup","Campinas","Brazil","Latin America",105,"https://www.meetup.com/Campinas-Julia-Language-Meetup/",2014-11-06,0,0,"public"
"362","GURU::mvd","Montevideo","Uruguay","Latin America",196,"https://www.meetup.com/GURU-mvd/",2018-10-04,2,0,"public"
"363","DataGiri - Bengaluru","Bangalore","India","Asia",2202,"https://www.meetup.com/DataGiri-Bengaluru/",2017-01-12,2,0,"public"
"364","ODSC London Data Science","London","United Kingdom","Europe",5378,"https://www.meetup.com/London-Data-Science-ODSC/",2015-06-29,55,2,"public"
"365","ODSC Data Science Boston","Cambridge","USA","US/Canada",1932,"https://www.meetup.com/odsc-open-source-data-science/",2013-09-09,85,3,"public"
"366","PyData Brasília","Brasília","Brazil","Latin America",2216,"https://www.meetup.com/PyData-Brasilia/",2017-11-03,19,0,"public"
"367","ODSC New York Data Science","New York","USA","US/Canada",2899,"https://www.meetup.com/New-York-ODSC/",2015-06-29,68,2,"public"
"368","San Francisco Data Science ODSC","San Francisco","USA","US/Canada",3251,"https://www.meetup.com/San-Francisco-ODSC/",2015-06-26,73,1,"public"
"369","RLyon","Lyon","France","Europe",131,"https://www.meetup.com/R-Lyon/",2013-11-19,6,0,"public"
"370","Data Science & Machine Learning Wroclaw","Wroclaw","Poland","Europe",1721,"https://www.meetup.com/Data-Science-Wroclaw/",2015-03-16,23,0,"public"
"371","Kyiv useR! Group","Kyiv","Ukraine","Europe",569,"https://www.meetup.com/Kyiv-useR-Group/",2015-04-21,7,0,"public"
"372","Inteligencia Artificial Argentina","Buenos Aires","Argentina","Latin America",1417,"https://www.meetup.com/InteligenciaArtificialArgentina/",2016-02-22,36,0,"public"
"373","Mississauga Big Data Analytics Meetup","Mississauga","Canada","US/Canada",615,"https://www.meetup.com/Mississauga-Big-Data-Analytics-Meetup/",2014-02-12,30,0,"public"
"374","PyData Indy","Indianapolis","USA","US/Canada",183,"https://www.meetup.com/PyData-Indianapolis/",2016-01-25,6,0,"public"
"375","Christchurch Big Data","Christchurch","New Zealand","Australia",359,"https://www.meetup.com/Christchurch-Big-Data-Meetup/",2016-02-28,18,0,"public"
"376","BelgradeR","Belgrade","Serbia","Europe",792,"https://www.meetup.com/BelgradeR/",2016-05-18,11,0,"public"
"377","Istanbul KNIME Users","Istanbul","Turkey","Europe",547,"https://www.meetup.com/Istanbul-KNIME-Users/",2014-03-17,16,0,"public"
"378","Practical Data Science","Bangalore","India","Asia",4603,"https://www.meetup.com/Practical-Data-Science-Workshops-Bangalore/",2016-02-05,22,0,"public"
"379","Applied Data Science of Atlanta","Atlanta","USA","US/Canada",1113,"https://www.meetup.com/Applied-Data-Science-of-Atlanta/",2015-04-26,24,0,"public"
"380","useR Group in San Luis Obispo County","San Luis Obispo","USA","US/Canada",35,"https://www.meetup.com/useR-Group-in-San-Luis-Obispo-County/",2019-03-18,10,0,"public"
"381","Honolulu Data Science Group","Honolulu","USA","US/Canada",122,"https://www.meetup.com/Honolulu-Data-Science-Group/",2015-01-30,39,0,"public_limited"
"382","BernR","Bern","Switzerland","Europe",107,"https://www.meetup.com/Bern-R/",2018-11-08,8,2,"public"
"383","WiDS-Sthlm:  Women Data Scientists Stockholm","Stockholm","Sweden","Europe",50,"https://www.meetup.com/Women-Data-Scientists-Stockholm/",2018-11-08,8,1,"public"
"384","DataGiri - Hyderabad","Hyderabad","India","Asia",637,"https://www.meetup.com/DataGiri-Hyderabad/",2017-01-12,0,0,"public"
"385","PyData Athens","Athens","Greece","Europe",901,"https://www.meetup.com/PyData-Athens/",2018-04-13,11,0,"public"
"386","Data Analysis and Business Modeling (DABM) Meetup","Bangalore","India","Asia",2722,"https://www.meetup.com/Data-Analysis-and-Business-Modeling-DABM-Meetup/",2017-08-25,12,0,"public"
"387","Data Science for Traders, Quants, and Other Students of Risk","New York","USA","US/Canada",3586,"https://www.meetup.com/dstraders/",2013-11-01,15,0,"public"
"388","NYC Julia User Group","New York","USA","US/Canada",711,"https://www.meetup.com/julia-nyc/",2013-08-08,13,0,"public"
"389","The Perth Data Science Meetup","Perth","Australia","Australia",612,"https://www.meetup.com/Perth-Data-Science/",2012-03-28,32,0,"public"
"390","Spain Quantum Computing","Madrid","Spain","Europe",211,"https://www.meetup.com/Madrid-Quantum-Computing-Meetup/",2017-08-29,2,0,"public"
"391","PyData Istanbul","Istanbul","Turkey","Europe",1370,"https://www.meetup.com/PyData-Istanbul/",2016-11-07,8,0,"public"
"392","Gurgaon Data Scientists (GDS)","Gurgaon","India","Asia",715,"https://www.meetup.com/Gurgaon-Data-Scientists-GDS/",2018-09-22,3,0,"public"
"393","Delhi R Users Group Meetup","Delhi","India","Asia",113,"https://www.meetup.com/Delhi-R-Users-Group-Meetup/",2014-05-22,0,0,"public"
"394","Open Source Programming, Analytics, Automation, and More!","New York","USA","US/Canada",658,"https://www.meetup.com/Open-Source-Programming-Analytics-Automation-and-More/",2018-10-16,4,0,"public"
"395","Silicon Valley Data Science Journal Club","Mountain View","USA","US/Canada",957,"https://www.meetup.com/Silicon-Valley-Data-Science-Journal-Club/",2013-07-01,46,0,"public"
"396","PyData Cardiff Meetup","Cardiff","United Kingdom","Europe",723,"https://www.meetup.com/PyData-Cardiff-Meetup/",2018-02-06,9,1,"public"
"397","MiraiLabs | Data Science Workshops","Zürich","Switzerland","Europe",88,"https://www.meetup.com/MiraiLabs-Data-Science-Workshops/",2019-06-24,0,1,"public"
"398","Seattle Data Geeks","Seattle","USA","US/Canada",2469,"https://www.meetup.com/seattle-data-geeks/",2013-06-24,30,3,"public"
"399","Data Science Floripa","Florianópolis","Brazil","Latin America",1455,"https://www.meetup.com/dsfloripa/",2015-04-16,13,0,"public"
"400","Data Science & Business Analytics","Denver","USA","US/Canada",2298,"https://www.meetup.com/Data-Science-Business-Analytics/",2012-08-08,114,0,"public"
"401","Tokyo Machine Learning Gym","Tokyo","Japan","Asia",951,"https://www.meetup.com/Tokyo-Machine-Learning-Gym/",2016-03-29,7,0,"public"
"402","BaselR","Basel","Switzerland","Europe",416,"https://www.meetup.com/BaselR/",2010-04-13,21,1,"public"
"403","Campus useR Group Frankfurt","Frankfurt","Germany","Europe",103,"https://www.meetup.com/r-frankfurt/",2019-01-24,4,1,"public"
"404","Silicon Valley Data Science Predictive Analytics Meetup","Santa Clara","USA","US/Canada",1283,"https://www.meetup.com/Silicon-Valley-Data-Science-Predictive-Analytics-Meetup/",2016-06-16,57,0,"public"
"405","Trojmiasto Spark Meetup","Gdansk","Poland","Europe",162,"https://www.meetup.com/Trojmiasto-Spark-Meetup/",2017-11-27,2,0,"public"
"406","Boston Predictive Analytics","Cambridge","USA","US/Canada",3428,"https://www.meetup.com/Boston-Predictive-Analytics/",2010-07-16,53,0,"public"
"407","Toronto - Cognitive, AI & Data Science Meetup","Toronto","Canada","US/Canada",11577,"https://www.meetup.com/Cognitive-Toronto/",2014-03-17,110,0,"public"
"408","Hacking Machine Learning","München","Germany","Europe",1732,"https://www.meetup.com/Hacking-Machine-Learning/",2017-02-23,26,0,"public"
"409","Bots,AR,PWeb-Mobile,ServerlessCC & BChain  Codeseeker's","Bangalore","India","Asia",765,"https://www.meetup.com/Bots-AR-PWeb-Mobile-ServerlessCC-BChain-Codeseekers/",2016-12-15,28,1,"public"
"410","Indianapolis Algorithmic Trading and Finance","Indianapolis","USA","US/Canada",76,"https://www.meetup.com/Indianapolis-algorithmic-trading-and-finance/",2019-01-06,3,0,"public"
"411","Greater Nashville Healthcare Analytics","Nashville","USA","US/Canada",1464,"https://www.meetup.com/Greater-Nashville-Healthcare-Analytics/",2015-12-17,36,1,"public"
"412","Datascience in Finance, Paris","Paris","France","Europe",537,"https://www.meetup.com/Datascience-in-Finance-Paris/",2015-06-23,4,0,"public"
"413","MLGeek Brussels","Brussels","Belgium","Europe",708,"https://www.meetup.com/MLGeek-Brussels/",2013-03-14,24,0,"public"
"414","Open Data Durban Meetup","Durban","South Africa","Africa",545,"https://www.meetup.com/Open-Data-Durban-Meetup/",2015-05-18,56,0,"public"
"415","Bath Machine Learning Meetup","Bath","United Kingdom","Europe",662,"https://www.meetup.com/BathML/",2016-10-03,31,0,"public"
"416","Port City Analytics","Wilmington","USA","US/Canada",99,"https://www.meetup.com/PortCityAnalytics/",2018-02-07,4,0,"public"
"417","PyData Chicago","Chicago","USA","US/Canada",3796,"https://www.meetup.com/PyDataChi/",2016-01-04,46,0,"public"
"418","Find a Tech Job","London","United Kingdom","Europe",4641,"https://www.meetup.com/Find-A-tech-Job-In-London/",2012-05-24,50,0,"public"
"419","Data Science Festival - London","London","United Kingdom","Europe",9637,"https://www.meetup.com/Data-Science-Festival-London/",2016-04-25,57,1,"public"
"420","#DataForGood - CorrelAid Berlin","Berlin","Germany","Europe",274,"https://www.meetup.com/CorrelAid/",2019-06-19,1,0,"public"
"421","Data Science Study Group: South Florida","Miami","USA","US/Canada",1094,"https://www.meetup.com/Data-Science-Study-Group-South-Florida/",2017-07-06,47,2,"public"
"422","Chicago Indie Hackers","Chicago","USA","US/Canada",300,"https://www.meetup.com/Chicago-Indie-Hackers/",2018-03-28,9,1,"public"
"423","Data Savvy","Lima","Peru","Latin America",578,"https://www.meetup.com/Data_Savvy/",2018-12-20,13,0,"public"
"424","Business Analytics & data science Meetup","Gurgaon","India","Asia",1417,"https://www.meetup.com/Gurgaon-Business-Analytics-data-science-Meetup/",2017-11-07,26,1,"public"
"425","NYCFinance","New York","USA","US/Canada",113,"https://www.meetup.com/NYCFinance/",2018-02-17,22,2,"public"
"426","LondonR","London","United Kingdom","Europe",3324,"https://www.meetup.com/LondonR/",2010-02-05,72,1,"public"
"427","Berlin KNIME Users","Berlin","Germany","Europe",377,"https://www.meetup.com/Berlin-KNIME-Users/",2013-10-04,13,0,"public"
"428","DataGiri - Delhi NCR","Delhi","India","Asia",2180,"https://www.meetup.com/DataGiri-NCR/",2017-01-12,2,0,"public"
"429","Seacoast (ME/NH) Data Science Meetup","Portsmouth","USA","US/Canada",126,"https://www.meetup.com/Seacoast-ME-NH-Data-Science-Meetup/",2016-01-15,1,0,"public"
"430","PyData Bogotá","Bogotá","Colombia","Latin America",515,"https://www.meetup.com/PyData-Bogota/",2016-02-05,4,0,"public"
"431","Big Data Gods","Sunnyvale","USA","US/Canada",1123,"https://www.meetup.com/Big-Data-Gods/",2013-04-08,33,0,"public"
"432","Eugene R Users","Eugene","USA","US/Canada",102,"https://www.meetup.com/meetup-group-cwPiAlnB/",2017-12-13,10,0,"public"
"433","Data Science Indy","Indianapolis","USA","US/Canada",1015,"https://www.meetup.com/dsindy/",2013-02-13,69,1,"public_limited"
"434","Dr. Stats","Belo Horizonte","Brazil","Latin America",50,"https://www.meetup.com/Dr-Stats/",2016-10-15,1,0,"public"
"435","Data Science for Good, Aalen","Aalen","Germany","Europe",14,"https://www.meetup.com/Data-Science-for-Good-Aalen/",2019-07-12,0,3,"public"
"436","DATA SCIENCE & PROCESS Optimization","Paris","France","Europe",313,"https://www.meetup.com/DATA-PROCESS-Optimization/",2017-08-01,1,0,"public"
"437","Dutch Data Science Meetup Group","Delft","Netherlands","Europe",1084,"https://www.meetup.com/Dutch-Data-Science-Meetup-Group/",2015-03-09,6,0,"public"
"438","Palo Alto Data Science Association","Palo Alto","USA","US/Canada",3211,"https://www.meetup.com/Palo-Alto-Data-Science-Association/",2013-11-06,104,8,"public"
"439","Westlake Village Data Science Meetup","Westlake Village","USA","US/Canada",1173,"https://www.meetup.com/Westlake-Village-Data-Science-Meetup/",2013-11-14,96,2,"public"
"440","PyData Atlanta","Atlanta","USA","US/Canada",3144,"https://www.meetup.com/PyData-Atlanta/",2016-01-04,50,0,"public"
"441","Machine Learning Spain","Madrid","Spain","Europe",4373,"https://www.meetup.com/MachineLearningSpain/",2014-08-20,39,0,"public"
"442","Stuttgart Predictive Analytics, Predictive Maintenance, AI","Stuttgart","Germany","Europe",356,"https://www.meetup.com/Stuttgart-Predictive-Analytics-Predictive-Maintenance-AI/",2016-01-30,2,0,"public_limited"
"443","Bristol Data Scientists","Bristol","United Kingdom","Europe",1513,"https://www.meetup.com/Bristol-Data-Scientists/",2014-08-26,17,0,"public"
"444","Data Science Rotterdam","Rotterdam","Netherlands","Europe",659,"https://www.meetup.com/Data-Science-Rdm/",2015-03-07,5,0,"public"
"445","NY Data Wizards","New York","USA","US/Canada",1807,"https://www.meetup.com/NYData/",2013-04-08,19,0,"public"
"446","San Diego Women in Data Science","San Diego","USA","US/Canada",377,"https://www.meetup.com/San-Diego-Women-in-Data-Science/",2016-05-12,57,0,"public_limited"
"447","Future Chief Data Scientists in Orange County, CA","Orange","USA","US/Canada",813,"https://www.meetup.com/Future-Chief-Data-Scientists-in-Orange-County-CA/",2013-02-03,32,0,"public"
"448","Timeseries Forecasting and Event Analytics Melbourne Meetup","Melbourne","Australia","Australia",834,"https://www.meetup.com/Timeseries-Forecasting-and-Event-Analytics-Melbourne-Meetup/",2018-05-23,7,0,"public"
"449","Kaggle Kansas City","Kansas City","USA","US/Canada",70,"https://www.meetup.com/Kaggle-Kansas-City/",2019-01-15,26,1,"public"
"450","Learn Data Science with Data.Miami","Miami","USA","US/Canada",397,"https://www.meetup.com/Learn-Data-Science-with-Data-Miami/",2017-10-12,4,0,"public"
"451","Learn Data Science","Vancouver","Canada","US/Canada",4105,"https://www.meetup.com/LearnDataScience/",2015-04-04,254,7,"public"
"452","Data science & analytics Brno","Brno","Czech Republic","Europe",623,"https://www.meetup.com/dataheads/",2015-04-27,13,0,"public"
"453","Berlin Real World Data Science/Machine Learning Group","Berlin","Germany","Europe",581,"https://www.meetup.com/Berlin-Real-World-Data-Science-Machine-Learning-Group/",2016-04-10,0,0,"public"
"454","Moscow Data Fest","Moscow","Russia","Europe",1612,"https://www.meetup.com/Moscow-Data-Fest/",2015-08-24,5,0,"public"
"455","Data Analytics & Business Intelligence","Bangalore","India","Asia",203,"https://www.meetup.com/Data_Science_ATMinds/",2017-04-20,0,0,"public"
"456","Data Education DC","Washington","USA","US/Canada",2687,"https://www.meetup.com/Data-Education-DC/",2014-01-16,62,0,"public"
"457","Learning Analytics Perú","Lima","Peru","Latin America",242,"https://www.meetup.com/Learning-Analytics-Peru/",2018-06-04,3,0,"public"
"458","México City Business Analytics Users Group","México City","Mexico","Latin America",1517,"https://www.meetup.com/Mexico-City-Business-Analytics-Users/",2014-12-08,21,0,"public"
"459","Querétaro Business Analytics Users Group","Querétaro","Mexico","Latin America",374,"https://www.meetup.com/Queretaro-Business-Analytics-Users-Group/",2015-11-10,5,0,"public"
"460","Data Science Lab","London","United Kingdom","Europe",2723,"https://www.meetup.com/data-science-lab/",2013-01-17,28,1,"public"
"461","Data Science & Business Intelligence Society of Atlanta","Atlanta","USA","US/Canada",4524,"https://www.meetup.com/Atlanta-Society-for-Business-Intelligence/",2010-01-02,99,2,"public"
"462","Burlington Data Scientists","Burlington","USA","US/Canada",718,"https://www.meetup.com/Burlington-Data-Scientists/",2013-07-31,69,1,"public"
"463","Lyon Data Science","Lyon","France","Europe",2537,"https://www.meetup.com/Lyon-Data-Science/",2015-08-24,39,0,"public"
"464","Mulhouse Machine Learning Meetup","Mulhouse","France","Europe",144,"https://www.meetup.com/Mulhouse-Machine-Learning-Meetup/",2014-07-25,4,0,"public"
"465","Ankara Data Science and Big Data Meetup","Ankara","Turkey","Europe",1780,"https://www.meetup.com/Ankara-Data-Science-and-Big-Data-Meetup/",2015-12-16,4,0,"public"
"466","Data Science Exeter","Exeter","United Kingdom","Europe",447,"https://www.meetup.com/Data-Science-Exeter/",2016-03-02,14,0,"public"
"467","Hyderabad BigData and Data Science Meetup","Hyderabad","India","Asia",500,"https://www.meetup.com/Hyderabad-BigData-and-Data-Science-Meetup/",2014-10-26,0,0,"public"
"468","Predictive Modellers - Workshop","Hyderabad","India","Asia",309,"https://www.meetup.com/Predictive-Modellers-Meetup/",2014-07-21,3,0,"public"
"469","Data Visualization in MetroWest Boston","Hopkinton","USA","US/Canada",179,"https://www.meetup.com/Data-Visualization-in-MetroWest-Boston/",2013-05-28,9,0,"public"
"470","Bucks County Data Science (DataBucks)","Chalfont","USA","US/Canada",125,"https://www.meetup.com/DataBucks/",2013-10-05,3,0,"public"
"471","ROC Data Science","Rochester","USA","US/Canada",673,"https://www.meetup.com/ROC-Data-Science/",2015-03-11,14,0,"public"
"472","Charlottesville Data Science","Charlottesville","USA","US/Canada",740,"https://www.meetup.com/CharlottesvilleDataScience/",2016-05-24,16,0,"public"
"473","Code•It! Little Rock Dev Meetup","Little Rock","USA","US/Canada",252,"https://www.meetup.com/Code-It-Little-Rock-Dev-Meetup/",2016-03-09,6,0,"public"
"474","Analyze Utah","Salt Lake City","USA","US/Canada",170,"https://www.meetup.com/Analyze-Utah/",2014-05-17,24,0,"public"
"475","DataViz Nantes","Nantes","France","Europe",859,"https://www.meetup.com/DataViz-Nantes/",2016-09-15,11,0,"public"
"476","Boston-area Women's Bioinformatics Meetup","Cambridge","USA","US/Canada",577,"https://www.meetup.com/boston-area-womens-bioinformatics/",2015-03-27,33,0,"public_limited"
"477","Colombo Haskell Meetup","Dehiwala-Mount Lavinia","Sri Lanka","Asia",342,"https://www.meetup.com/Colombo-Haskell-Meetup/",2017-03-30,0,0,"public"
"478","Chicago Cloud Foundry User Group","Chicago","USA","US/Canada",1571,"https://www.meetup.com/Chicago-Cloud-Foundry-User-Group/",2014-06-30,17,0,"public"
"479","The Data Scientist-Chicago","Northbrook","USA","US/Canada",698,"https://www.meetup.com/The-Data-Scientist_Chicago/",2014-07-18,5,0,"public"
"480","Scala for Startups is merged into SF Scala","San Francisco","USA","US/Canada",259,"https://www.meetup.com/Scala-for-Startups/",2011-09-10,18,0,"public"
"481","Big Data Science","Fremont","USA","US/Canada",5053,"https://www.meetup.com/Big-Data-Science/",2012-01-25,118,13,"public"
"482","Data Science Breakfast Meetup","Sydney","Australia","Australia",1687,"https://www.meetup.com/The-Sydney-Data-Science-Breakfast-Meetup-Group/",2015-09-16,55,0,"public"
"483","Data Science Tbilisi","Tbilisi","Georgia","Asia",1259,"https://www.meetup.com/Data-Science-Tbilisi/",2016-09-05,36,0,"public"
"484","Apache Druid Bay Area Meetup","Burlingame","USA","US/Canada",1438,"https://www.meetup.com/druidio/",2013-03-05,20,1,"public"
"485","Ciencia de datos para el desarrollo de proyectos","Santiago","Chile","Latin America",378,"https://www.meetup.com/Shiny-para-el-desarrollo-de-proyectos/",2019-06-15,0,1,"public"
"486","TBDI - Big Data, Hadoop, Data Science & Advanced A","Irvine","USA","US/Canada",544,"https://www.meetup.com/Big-Data-Analytics-and-Data-Science-in-So-California/",2013-11-13,19,1,"public"
"487","Pune Big Data Analytics Meetup","Pune","India","Asia",5006,"https://www.meetup.com/meetup-group-mBrnrixQ/",2017-03-22,285,3,"public"
"488","Southern Data Science (BBDS)","Atlanta","USA","US/Canada",1744,"https://www.meetup.com/Southern-Data-science/",2017-03-23,38,1,"public"
"489","BASE (Birmingham Alabama Software Enthusiasts)","Birmingham","USA","US/Canada",1646,"https://www.meetup.com/base205/",2010-06-15,264,4,"public"
"490","ATLytiCS: Analytics For Good","Atlanta","USA","US/Canada",903,"https://www.meetup.com/ATLytiCS-Analytics-For-Good/",2018-06-23,8,1,"public"
"491","Fort Collins Data Science","Fort Collins","USA","US/Canada",443,"https://www.meetup.com/Fort-Collins-Data-Science/",2015-09-02,102,3,"public"
"492","Power BI User Group Frankfurt am Main","Frankfurt","Germany","Europe",330,"https://www.meetup.com/Power-BI-User-Group-Frankfurt-am-Main/",2016-05-13,18,1,"public"
"493","Greenville Data Science & Analytics Meetup","Greenville","USA","US/Canada",511,"https://www.meetup.com/Greenville-Data-Science-Analytics-Meetup/",2015-09-16,18,1,"public_limited"
"494","The Genève Data Analytics Group","Genève","Switzerland","Europe",490,"https://www.meetup.com/Geneva-Data-Analytics/",2011-01-12,8,0,"public"
"495","Learn Deep Learning","London","United Kingdom","Europe",821,"https://www.meetup.com/LearnDeepLearning/",2012-03-14,21,0,"public"
"496","Cork Big Data & Analytics Group","Cork","Ireland","Europe",1128,"https://www.meetup.com/Cork-Big-Data-Analytics-Group/",2013-06-24,26,0,"public_limited"
"497","Data Science Łódź","Łódź","Poland","Europe",634,"https://www.meetup.com/data-science-lodz/",2015-10-04,16,0,"public"
"498","United Arab Emirates (UAE) Data Scientists Meetup","Abu Dhabi","U.A.E.","Asia",768,"https://www.meetup.com/United-Arab-Emirates-UAE-Data-Scientists-Meetup/",2015-06-13,11,0,"public_limited"
"499","West Haven Matlab Enthusiasts","West Haven","USA","US/Canada",22,"https://www.meetup.com/West-Haven-Matlab-Meetup/",2017-07-28,2,0,"public"
"500","AI + Marketing","Montréal","Canada","US/Canada",832,"https://www.meetup.com/MAIC-marketing/",2016-03-01,4,5,"public"
"501","Data+Visualization Detroit","Detroit","USA","US/Canada",825,"https://www.meetup.com/Data-Visualization-Detroit/",2013-07-28,18,0,"public"
"502","Chicago Big Data","Chicago","USA","US/Canada",3284,"https://www.meetup.com/Chicago-Big-Data/",2011-01-31,92,0,"public"
"503","Kaohsiung Python Meetup","Kaohsiung","Taiwan","Asia",602,"https://www.meetup.com/Kaohsiung-Python-Meetup/",2015-10-09,44,0,"public"
"504","The Data Scientist - San Francisco","San Francisco","USA","US/Canada",1025,"https://www.meetup.com/The-Data-Scientist_San-Francisco/",2014-07-22,6,0,"public"
"505","Data Hackers: San Francisco","San Francisco","USA","US/Canada",889,"https://www.meetup.com/datahackers/",2013-05-30,27,0,"public"
"506","Big Data Visualization Tokyo","Tokyo","Japan","Asia",323,"https://www.meetup.com/Big-Data-Visualization-Tokyo/",2014-02-21,1,0,"public"
"507","Melbourne ML/AI Bookclub","Melbourne","Australia","Australia",844,"https://www.meetup.com/Melbourne-ML-AI-Bookclub/",2018-08-08,38,1,"public"
"508","Data Science Brest","Brest","France","Europe",528,"https://www.meetup.com/Data-Science-Brest/",2016-11-10,24,1,"public"
"509","Oracle Big Data 4 the Enterprise","London","United Kingdom","Europe",284,"https://www.meetup.com/Oracle-UK-BigData/",2011-12-05,11,0,"public"
"510","Poland Powerapps and Flow Usergroup","Copenhagen","Denmark","Europe",64,"https://www.meetup.com/Poland-apps-and-flow/",2017-12-04,8,0,"public"
"511","The Data Scientist","Cambridge","USA","US/Canada",5361,"https://www.meetup.com/The-Data-Scientist/",2012-02-22,42,0,"public"
"512","DataVis LA","Santa Monica","USA","US/Canada",915,"https://www.meetup.com/Data-Visualization-Los-Angeles-Data-Science/",2013-09-28,40,0,"public"
"513","Data Visualization Group in the Bay Area","San Francisco","USA","US/Canada",8270,"https://www.meetup.com/visualizemydata/",2010-08-16,93,0,"public"
"514","FrenchData","Paris","France","Europe",3619,"https://www.meetup.com/FrenchData/",2016-01-31,10,0,"public"
"515","Data Science Manchester","Sale","United Kingdom","Europe",332,"https://www.meetup.com/Data-Science-Manchester/",2015-11-28,0,0,"public"
"516","Practical Data Science and Machine Learning","Århus","Denmark","Europe",501,"https://www.meetup.com/datasciencedk/",2014-03-29,6,0,"public"
"517","DataPotluck","Chicago","USA","US/Canada",280,"https://www.meetup.com/DataPotluck/",2012-05-13,14,0,"public"
"518","Data Science Workshop","Chicago","USA","US/Canada",785,"https://www.meetup.com/Data-Science-Workshop/",2015-09-10,5,0,"public"
"519","Spark Global Online Meetup","San Francisco","USA","US/Canada",1657,"https://www.meetup.com/spark-online/",2015-06-07,12,0,"public"
"520","R-Ladies Ushuaia","Ushuaia","Argentina","Latin America",24,"https://www.meetup.com/rladies-ushuaia/",2018-05-09,1,0,"public"
"521","R-Ladies Sydney","Sydney","Australia","Australia",586,"https://www.meetup.com/rladies-sydney/",2018-05-09,19,2,"public"
"522","R-Ladies Victoria","Victoria","Canada","US/Canada",35,"https://www.meetup.com/rladies-victoria/",2018-06-08,0,0,"public"
"523","R-Ladies Xalapa","Xalapa","Mexico","Latin America",153,"https://www.meetup.com/rladies-xalapa/",2018-07-30,8,0,"public_limited"
"524","Midwest Julia Users","Chicago","USA","US/Canada",128,"https://www.meetup.com/Midwest-Julia-Users/",2016-10-13,2,0,"public"
"525","Triangle Julia Users","Raleigh","USA","US/Canada",142,"https://www.meetup.com/Triangle-Julia-Users/",2014-01-26,14,0,"public"
"526","Milwaukee Data Science","Milwaukee","USA","US/Canada",464,"https://www.meetup.com/Milwaukee-Data-Science/",2013-10-30,11,0,"public"
"527","Data Science Women","Denver","USA","US/Canada",522,"https://www.meetup.com/data-science-women/",2018-11-03,5,0,"public"
"528","Redcliffe Computer programming Meetup Group","Brisbane","Australia","Australia",22,"https://www.meetup.com/Redcliffe-Computer-programming-Meetup-Group/",2019-07-11,0,1,"public"
"529","New York Data Science","New York","USA","US/Canada",7099,"https://www.meetup.com/NYDataScientists/",2015-06-29,195,0,"public"
"530","AI in Financial Services","Frankfurt","Germany","Europe",235,"https://www.meetup.com/AI-Big-Data-and-Network-Analysis-in-Financial-Services/",2018-01-26,1,0,"public"
"531","Data Science Self-Study Group for Beginners","New York","USA","US/Canada",344,"https://www.meetup.com/Data-Science-Study-Group-for-Beginners/",2019-04-30,3,3,"public"
"532","Newbury AI Meetup","Newbury","United Kingdom","Europe",237,"https://www.meetup.com/Newbury-AI-Meetup/",2018-08-24,8,0,"public_limited"
"533","Argentina Data Science Meetup","Buenos Aires","Argentina","Latin America",3232,"https://www.meetup.com/Argentina-Data-Science-Meetup/",2016-01-26,9,1,"public"
"534","R-Ladies Bariloche","San Carlos de Bariloche","Argentina","Latin America",116,"https://www.meetup.com/rladies-bariloche/",2018-05-10,5,0,"public"
"535","R-Ladies Guayaquil","Guayaquil","Ecuador","Latin America",307,"https://www.meetup.com/rladies-guayaquil/",2018-04-05,3,0,"public"
"536","R-Ladies Newcastle","Newcastle Upon Tyne","United Kingdom","Europe",149,"https://www.meetup.com/rladies-newcastle/",2019-02-27,3,1,"public"
"537","R-Ladies Lausanne","Lausanne","Switzerland","Europe",276,"https://www.meetup.com/rladies-lausanne/",2017-12-02,11,0,"public"
"538","R-Ladies Stockholm","Stockholm","Sweden","Europe",273,"https://www.meetup.com/rladies-stockholm/",2018-08-16,5,0,"public"
"539","R-Ladies Quito","Quito","Ecuador","Latin America",702,"https://www.meetup.com/rladies-quito/",2017-07-18,8,0,"public"
"540","R-Ladies Puebla","Puebla","Mexico","Latin America",15,"https://www.meetup.com/rladies-puebla/",2019-07-19,0,0,"public"
"541","R-Ladies Jakarta","Jakarta","Indonesia","Asia",125,"https://www.meetup.com/rladies-jakarta/",2019-07-06,1,0,"public"
"542","R-Ladies Rotterdam","Rotterdam","Netherlands","Europe",330,"https://www.meetup.com/rladies-rotterdam/",2017-12-05,10,0,"public"
"543","R-Ladies Kyiv","Kyiv","Ukraine","Europe",84,"https://www.meetup.com/rladies-kyiv/",2019-02-15,2,2,"public"
"544","R-Ladies Freiburg","Freiburg","Germany","Europe",58,"https://www.meetup.com/rladies-freiburg/",2019-01-23,6,1,"public"
"545","R-Ladies Pasadena","Pasadena","USA","US/Canada",65,"https://www.meetup.com/rladies-pasadena/",2018-04-25,4,0,"public"
"546","R-Ladies Rabat","Rabat","Morocco","Africa",543,"https://www.meetup.com/rladies-rabat/",2018-03-01,3,0,"public"
"547","R-Ladies Lyon","Lyon","France","Europe",57,"https://www.meetup.com/rladies-lyon/",2018-10-29,2,0,"public"
"548","R-Ladies Bucharest","Bucharest","Romania","Europe",13,"https://www.meetup.com/rladies-bucharest/",2019-05-09,0,0,"public"
"549","R-Ladies Vienna","Vienna","Austria","Europe",192,"https://www.meetup.com/rladies-vienna/",2018-09-17,9,0,"public"
"550","R-Ladies Nijmegen","Nijmegen","Netherlands","Europe",206,"https://www.meetup.com/rladies-nijmegen/",2018-05-05,5,0,"public"
"551","R-Ladies Utrecht","Utrecht","Netherlands","Europe",50,"https://www.meetup.com/rladies-utrecht/",2019-06-10,0,0,"public"
"552","R-Ladies Salvador","Salvador","Brazil","Latin America",143,"https://www.meetup.com/rladies-salvador/",2018-07-23,4,0,"public"
"553","R-Ladies Copenhagen","Copenhagen","Denmark","Europe",371,"https://www.meetup.com/rladies-copenhagen/",2017-11-20,8,0,"public"
"554","R-Ladies Niterói","Niterói","Brazil","Latin America",374,"https://www.meetup.com/rladies-niteroi/",2018-06-04,4,0,"public"
"555","R-Ladies Cincinnati","Cincinnati","USA","US/Canada",69,"https://www.meetup.com/rladies-cincinnati/",2018-05-24,1,0,"public"
"556","R-Ladies Tallahassee","Tallahassee","USA","US/Canada",55,"https://www.meetup.com/rladies-tallahassee/",2018-03-12,0,0,"public"
"557","R-Ladies Louisville","Louisville","USA","US/Canada",35,"https://www.meetup.com/rladies-louisville/",2018-03-18,4,0,"public"
"558","R-Ladies Montgomery","Montgomery","USA","US/Canada",12,"https://www.meetup.com/rladies-montgomery/",2018-09-10,0,0,"public"
"559","R-Ladies Denver","Denver","USA","US/Canada",41,"https://www.meetup.com/rladies-denver/",2019-07-02,0,0,"public"
"560","R-Ladies Beijing","Beijing","China","Asia",31,"https://www.meetup.com/rladies-beijing/",2018-05-30,0,0,"public"
"561","R-Ladies Hong Kong","Hong Kong","Hong Kong","Asia",31,"https://www.meetup.com/rladies-hong-kong/",2018-08-03,0,0,"public"
"562","R-Ladies Perth","Perth","Australia","Australia",149,"https://www.meetup.com/rladies-perth/",2018-10-23,4,0,"public"
"563","R-Ladies Brisbane","Brisbane","Australia","Australia",164,"https://www.meetup.com/rladies-brisbane/",2018-05-10,4,1,"public"
"564","R-Ladies Montpellier","Montpellier","France","Europe",111,"https://www.meetup.com/rladies-montpellier/",2018-10-17,6,0,"public"
"565","R-Ladies Lancaster","Lancaster","United Kingdom","Europe",73,"https://www.meetup.com/rladies-lancaster/",2018-09-12,3,0,"public"
"566","R-Ladies Oslo","Oslo","Norway","Europe",295,"https://www.meetup.com/rladies-oslo/",2018-02-26,5,0,"public"
"567","R-Ladies Lavras","Lavras","Brazil","Latin America",17,"https://www.meetup.com/rladies-lavras/",2019-04-16,1,0,"public"
"568","R-Ladies Santa Barbara","Santa Barbara","USA","US/Canada",278,"https://www.meetup.com/rladies-santa-barbara/",2018-01-26,7,0,"public"
"569","R-Ladies Amsterdam","Amsterdam","Netherlands","Europe",587,"https://www.meetup.com/rladies-amsterdam/",2018-02-10,12,1,"public"
"570","R-Ladies Toronto","Toronto","Canada","US/Canada",375,"https://www.meetup.com/rladies-toronto/",2018-09-18,4,0,"public"
"571","R-Ladies Baltimore","Baltimore","USA","US/Canada",311,"https://www.meetup.com/rladies-baltimore/",2018-02-26,7,7,"public"
"572","R-Ladies Christchurch","Christchurch","New Zealand","Australia",37,"https://www.meetup.com/rladies-christchurch/",2019-05-04,0,1,"public"
"573","R-Ladies Gainesville","Gainesville","USA","US/Canada",183,"https://www.meetup.com/rladies-gainesville/",2018-07-04,11,0,"public"
"574","R-Ladies Cotonou","Cotonou","Benin","Africa",35,"https://www.meetup.com/rladies-cotonou/",2018-03-29,1,0,"public"
"575","R-Ladies Tampa","Tampa","USA","US/Canada",192,"https://www.meetup.com/rladies-tampa/",2018-03-11,14,2,"public"
"576","R-Ladies Addis Ababa","Addis Abeba","Ethiopia","Africa",379,"https://www.meetup.com/rladies-addis-ababa/",2018-03-21,14,0,"public"
"577","R-Ladies Ankara","Ankara","Turkey","Europe",36,"https://www.meetup.com/rladies-ankara/",2019-07-01,0,0,"public"
"578","R-Ladies Wageningen","Wageningen","Netherlands","Europe",53,"https://www.meetup.com/rladies-wageningen/",2018-06-18,2,0,"public"
"579","R-Ladies Helsinki","Helsinki","Finland","Europe",215,"https://www.meetup.com/rladies-helsinki/",2018-09-07,7,0,"public"
"580","R-Ladies Goiânia","Goiania","Brazil","Latin America",32,"https://www.meetup.com/rladies-goiania/",2019-05-06,0,0,"public"
"581","R-Ladies Kathmandu","Kathmandu","Nepal","Asia",53,"https://www.meetup.com/rladies-kathmandu/",2018-10-01,2,0,"public"
"582","R-Ladies Atlanta","Atlanta","USA","US/Canada",220,"https://www.meetup.com/rladies-atlanta/",2017-12-14,4,0,"public"
"583","R-Ladies Memphis","Memphis","USA","US/Canada",36,"https://www.meetup.com/rladies-memphis/",2018-04-11,0,0,"public"
"584","R-Ladies Des Moines","Des Moines","USA","US/Canada",24,"https://www.meetup.com/rladies-des-moines/",2018-09-23,4,0,"public"
"585","R-Ladies Springfield","Springfield","USA","US/Canada",52,"https://www.meetup.com/rladies-springfield/",2018-04-17,0,0,"public"
"586","R-Ladies Boulder","Boulder","USA","US/Canada",38,"https://www.meetup.com/rladies-boulder/",2018-06-11,0,0,"public"
"587","R-Ladies El Paso","El Paso","USA","US/Canada",10,"https://www.meetup.com/rladies-el-paso/",2019-04-19,0,0,"public"
"588","R-Ladies Remote","San Francisco","USA","US/Canada",231,"https://www.meetup.com/rladies-remote/",2018-06-19,8,0,"public"
"589","R-Ladies Dallas","Dallas","USA","US/Canada",239,"https://www.meetup.com/rladies-dallas/",2018-03-04,12,0,"public"
"590","R-Ladies Loughborough","Loughborough","United Kingdom","Europe",62,"https://www.meetup.com/rladies-loughborough/",2018-02-10,6,0,"public"
"591","R-Ladies La Plata","La Plata","Argentina","Latin America",107,"https://www.meetup.com/rladies-la-plata/",2018-03-12,2,0,"public"
"592","R-Ladies Boston","Boston","USA","US/Canada",688,"https://www.meetup.com/rladies-boston/",2016-09-16,32,1,"public"
"593","R-Ladies Resistencia-Corrientes","Corrientes","Argentina","Latin America",85,"https://www.meetup.com/rladies-resistencia-corrientes/",2018-06-08,5,0,"public"
"594","R-Ladies London, Ontario","London","Canada","US/Canada",404,"https://www.meetup.com/rladies-ldnont/",2017-01-17,22,0,"public"
"595","R-Ladies São Paulo","São Paulo","Brazil","Latin America",446,"https://www.meetup.com/rladies-sao-paulo/",2018-02-10,10,0,"public"
"596","R-Ladies San Jose","San Jose","Costa Rica","Latin America",399,"https://www.meetup.com/rladies-san-jose/",2017-10-09,15,0,"public"
"597","R-Ladies Santa Fe","Santa Fe","Argentina","Latin America",159,"https://www.meetup.com/rladies-santa-fe/",2018-05-08,9,1,"public"
"598","R-Ladies Buenos Aires","Buenos Aires","Argentina","Latin America",724,"https://www.meetup.com/rladies-buenos-aires/",2017-01-03,15,0,"public"
"599","R-Ladies La Paz","La Paz","Bolivia","Latin America",80,"https://www.meetup.com/rladies-la-paz/",2018-10-23,2,0,"public"
"600","R-Ladies Sarasota","Sarasota","USA","US/Canada",37,"https://www.meetup.com/rladies-sarasota/",2017-10-13,4,0,"public"
"601","R-Ladies Dublin","Dublin","Ireland","Europe",697,"https://www.meetup.com/rladies-dublin/",2016-11-12,20,0,"public"
"602","R-Ladies Tucson AZ","Tucson","USA","US/Canada",193,"https://www.meetup.com/rladies-tucson-az/",2017-11-14,7,0,"public"
"603","R-Ladies Valparaíso","Valparaíso","Chile","Latin America",98,"https://www.meetup.com/rladies-valparaiso/",2018-05-18,1,0,"public"
"604","R-Ladies Belo Horizonte","Belo Horizonte","Brazil","Latin America",626,"https://www.meetup.com/rladiesbh/",2018-04-20,6,0,"public"
"605","R-Ladies Bari","Bari","Italy","Europe",35,"https://www.meetup.com/rladies-bari/",2018-05-17,7,0,"public"
"606","R-Ladies Milan","Milano","Italy","Europe",735,"https://www.meetup.com/rladies-milan/",2017-06-29,17,0,"public"
"607","R-Ladies New York","New York","USA","US/Canada",1423,"https://www.meetup.com/rladies-newyork/",2016-08-23,33,2,"public"
"608","R-Ladies Ottawa","Ottawa","Canada","US/Canada",110,"https://www.meetup.com/rladies-ottawa/",2018-12-05,2,0,"public"
"609","R-Ladies Istanbul","Istanbul","Turkey","Europe",1552,"https://www.meetup.com/rladies-istanbul/",2016-09-06,24,0,"public"
"610","R-Ladies Austin","Austin","USA","US/Canada",578,"https://www.meetup.com/rladies-austin/",2017-01-31,40,0,"public"
"611","R-Ladies Floripa","Florianópolis","Brazil","Latin America",197,"https://www.meetup.com/rladies-florianopolis/",2019-04-07,3,1,"public"
"612","R-Ladies Den Bosch","Den Bosch","Netherlands","Europe",15,"https://www.meetup.com/rladies-den-bosch/",2019-03-23,0,0,"public"
"613","R-Ladies Bogor","Bogor","Indonesia","Asia",181,"https://www.meetup.com/rladies-bogor/",2019-04-07,3,0,"public"
"614","R-Ladies Queretaro","Querétaro","Mexico","Latin America",103,"https://www.meetup.com/rladies-queretaro/",2019-03-30,2,0,"public"
"615","R-Ladies Nelson","Nelson","New Zealand","Australia",10,"https://www.meetup.com/rladies-nelson/",2019-03-23,0,0,"public"
"616","R-Ladies Concepción","Concepción","Chile","Latin America",143,"https://www.meetup.com/rladies-concepcion/",2019-04-16,5,1,"public"
"617","R-Ladies Bogotá","Bogotá","Colombia","Latin America",261,"https://www.meetup.com/rladies-bogota/",2017-09-22,6,0,"public"
